OrderDate,ProductName,UnitPrice,Quantity,Discount,UnitPriceDiscounted,TotalPrice
1997-01-01 00.00.00.000,Thüringer Rostbratwurst,"123,79",21,0,"123,79","2599,59"
1997-01-01 00.00.00.000,Steeleye Stout,"18,00",35,0,18,630
1997-01-01 00.00.00.000,Maxilaku,"20,00",30,0,20,600
1997-01-01 00.00.00.000,Nord-Ost Matjeshering,"25,89",18,0,"25,89","466,02"
1997-01-01 00.00.00.000,Gnocchi di nonna Alice,"38,00",70,0,38,2660
1997-01-01 00.00.00.000,Louisiana Fiery Hot Pepper Sauce,"21,05",20,0,"21,05",421
1997-01-01 00.00.00.000,Flotemysost,"21,50",60,0,"21,5",1290
1997-01-02 00.00.00.000,Tunnbröd,"9,00",60,0,9,540
1997-01-02 00.00.00.000,Vegie-spread,"43,90",65,0,"43,9","2853,5"
1997-01-03 00.00.00.000,Pavlova,"17,45",21,"0,15","14,832501","311,48254"
1997-01-03 00.00.00.000,Chocolade,"12,75",70,"0,15","10,837501","758,62506"
1997-01-03 00.00.00.000,Gumbär Gummibärchen,"31,23",30,"0,05","29,668499","890,055"
1997-01-03 00.00.00.000,Singaporean Hokkien Fried Mee,"14,00",40,"0,05","13,3",532
1997-01-03 00.00.00.000,Maxilaku,"20,00",30,"0,05",19,570
1997-01-06 00.00.00.000,Aniseed Syrup,"10,00",50,0,10,500
1997-01-07 00.00.00.000,Chai,"18,00",10,0,18,180
1997-01-07 00.00.00.000,Sir Rodney's Scones,"10,00",30,"0,1",9,270
1997-01-07 00.00.00.000,Rössle Sauerkraut,"45,60",42,"0,1","41,039997","1723,6799"
1997-01-07 00.00.00.000,Inlagd Sill,"19,00",5,"0,1","17,1","85,5"
1997-01-07 00.00.00.000,Boston Crab Meat,"18,40",2,"0,1","16,56","33,12"
1997-01-07 00.00.00.000,Queso Cabrales,"21,00",30,0,21,630
1997-01-07 00.00.00.000,Gudbrandsdalsost,"36,00",15,0,36,540
1997-01-07 00.00.00.000,Flotemysost,"21,50",15,0,"21,5","322,5"
1997-01-08 00.00.00.000,Gravad lax,"26,00",10,0,26,260
1997-01-08 00.00.00.000,Tourtière,"7,45",6,0,"7,45","44,699997"
1997-01-08 00.00.00.000,Tarte au sucre,"49,30",35,0,"49,3","1725,5"
1997-01-09 00.00.00.000,Tofu,"23,25",12,0,"23,25",279
1997-01-09 00.00.00.000,Sir Rodney's Scones,"10,00",12,0,10,120
1997-01-10 00.00.00.000,Geitost,"2,50",49,0,"2,5","122,5"
1997-01-10 00.00.00.000,Raclette Courdavault,"55,00",16,0,55,880
1997-01-10 00.00.00.000,Jack's New England Clam Chowder,"9,65",25,"0,2","7,72",193
1997-01-10 00.00.00.000,Gula Malacca,"19,45",40,"0,2","15,56","622,4"
1997-01-10 00.00.00.000,Raclette Courdavault,"55,00",9,"0,2",44,396
1997-01-13 00.00.00.000,Tofu,"23,25",20,"0,1","20,925","418,5"
1997-01-14 00.00.00.000,Chai,"18,00",24,0,18,432
1997-01-14 00.00.00.000,Tarte au sucre,"49,30",40,0,"49,3",1972
1997-01-14 00.00.00.000,Lakkalikööri,"18,00",14,0,18,252
1997-01-14 00.00.00.000,Teatime Chocolate Biscuits,"9,20",18,"0,05","8,74","157,31999"
1997-01-14 00.00.00.000,Geitost,"2,50",50,0,"2,5",125
1997-01-15 00.00.00.000,Alice Mutton,"39,00",2,0,39,78
1997-01-15 00.00.00.000,Geitost,"2,50",20,0,"2,5",50
1997-01-16 00.00.00.000,Teatime Chocolate Biscuits,"9,20",20,0,"9,2",184
1997-01-16 00.00.00.000,Perth Pasties,"32,80",10,0,"32,8",328
1997-01-16 00.00.00.000,Ravioli Angelo,"19,50",20,0,"19,5",390
1997-01-16 00.00.00.000,Côte de Blaye,"263,50",50,0,"263,5",13175
1997-01-16 00.00.00.000,Spegesild,"12,00",2,"0,25",9,18
1997-01-16 00.00.00.000,Scottish Longbreads,"12,50",36,"0,25","9,375","337,5"
1997-01-16 00.00.00.000,Original Frankfurter grüne Soße,"13,00",35,0,13,455
1997-01-17 00.00.00.000,Chang,"19,00",60,0,19,1140
1997-01-17 00.00.00.000,Zaanse koeken,"9,50",55,0,"9,5","522,5"
1997-01-17 00.00.00.000,Sirop d'érable,"28,50",16,0,"28,5",456
1997-01-17 00.00.00.000,Longlife Tofu,"10,00",15,0,10,150
1997-01-20 00.00.00.000,Camembert Pierrot,"34,00",60,"0,05","32,3",1938
1997-01-20 00.00.00.000,Gudbrandsdalsost,"36,00",20,"0,05","34,2",684
1997-01-21 00.00.00.000,Mishi Kobe Niku,"97,00",20,"0,1","87,299995","1745,9999"
1997-01-21 00.00.00.000,Konbu,"6,00",2,"0,1","5,3999996","10,799999"
1997-01-21 00.00.00.000,Outback Lager,"15,00",8,"0,1","13,5",108
1997-01-21 00.00.00.000,Röd Kaviar,"15,00",20,"0,1","13,5",270
1997-01-21 00.00.00.000,Teatime Chocolate Biscuits,"9,20",4,"0,15","7,82","31,28"
1997-01-21 00.00.00.000,Gumbär Gummibärchen,"31,23",30,0,"31,23","936,89996"
1997-01-21 00.00.00.000,Perth Pasties,"32,80",15,"0,15","27,880001","418,2"
1997-01-21 00.00.00.000,Original Frankfurter grüne Soße,"13,00",10,"0,15","11,05","110,5"
1997-01-22 00.00.00.000,Gumbär Gummibärchen,"31,23",2,0,"31,23","62,46"
1997-01-23 00.00.00.000,Gorgonzola Telino,"12,50",14,0,"12,5",175
1997-01-23 00.00.00.000,Raclette Courdavault,"55,00",20,0,55,1100
1997-01-23 00.00.00.000,Steeleye Stout,"18,00",60,"0,2","14,400001","864,00006"
1997-01-23 00.00.00.000,Côte de Blaye,"263,50",49,"0,2","210,8","10329,2"
1997-01-23 00.00.00.000,Scottish Longbreads,"12,50",30,"0,2",10,300
1997-01-24 00.00.00.000,Pâté chinois,"24,00",10,"0,25",18,180
1997-01-24 00.00.00.000,Lakkalikööri,"18,00",20,"0,25","13,5",270
1997-01-27 00.00.00.000,Gnocchi di nonna Alice,"38,00",5,0,38,190
1997-01-27 00.00.00.000,Wimmers gute Semmelknödel,"33,25",7,0,"33,25","232,75"
1997-01-27 00.00.00.000,Tofu,"23,25",35,0,"23,25","813,75"
1997-01-28 00.00.00.000,Spegesild,"12,00",20,0,12,240
1997-01-29 00.00.00.000,Valkoinen suklaa,"16,25",40,0,"16,25",650
1997-01-29 00.00.00.000,Vegie-spread,"43,90",35,"0,25","32,925003","1152,3751"
1997-01-30 00.00.00.000,Alice Mutton,"39,00",45,"0,2","31,2",1404
1997-01-30 00.00.00.000,Sir Rodney's Scones,"10,00",50,0,10,500
1997-01-30 00.00.00.000,Gnocchi di nonna Alice,"38,00",30,0,38,1140
1997-01-30 00.00.00.000,Raclette Courdavault,"55,00",70,"0,2",44,3080
1997-01-30 00.00.00.000,Alice Mutton,"39,00",50,"0,25","29,25","1462,5"
1997-01-30 00.00.00.000,Boston Crab Meat,"18,40",50,"0,25","13,799999","689,99994"
1997-01-30 00.00.00.000,Zaanse koeken,"9,50",30,"0,25","7,125","213,75"
1997-01-31 00.00.00.000,Gumbär Gummibärchen,"31,23",10,0,"31,23","312,3"
1997-01-31 00.00.00.000,Tourtière,"7,45",40,0,"7,45",298
1997-02-03 00.00.00.000,Gnocchi di nonna Alice,"38,00",28,0,38,1064
1997-02-03 00.00.00.000,Queso Cabrales,"21,00",6,0,21,126
1997-02-03 00.00.00.000,Lakkalikööri,"18,00",18,"0,15","15,3","275,4"
1997-02-04 00.00.00.000,Chang,"19,00",10,0,19,190
1997-02-04 00.00.00.000,Gustaf's Knäckebröd,"21,00",12,0,21,252
1997-02-04 00.00.00.000,Mozzarella di Giovanni,"34,80",10,0,"34,8",348
1997-02-05 00.00.00.000,Spegesild,"12,00",5,0,12,60
1997-02-05 00.00.00.000,Gnocchi di nonna Alice,"38,00",40,"0,1","34,2",1368
1997-02-05 00.00.00.000,Wimmers gute Semmelknödel,"33,25",30,"0,1","29,925","897,75"
1997-02-05 00.00.00.000,Rhönbräu Klosterbier,"7,75",24,"0,1","6,975","167,4"
1997-02-05 00.00.00.000,Perth Pasties,"32,80",15,0,"32,8",492
1997-02-06 00.00.00.000,Teatime Chocolate Biscuits,"9,20",15,"0,2","7,36","110,4"
1997-02-06 00.00.00.000,Sasquatch Ale,"14,00",20,"0,2","11,2",224
1997-02-06 00.00.00.000,Ravioli Angelo,"19,50",15,"0,2","15,6",234
1997-02-07 00.00.00.000,Queso Manchego La Pastora,"38,00",15,0,38,570
1997-02-07 00.00.00.000,Pavlova,"17,45",16,0,"17,45","279,2"
1997-02-07 00.00.00.000,Wimmers gute Semmelknödel,"33,25",6,0,"33,25","199,5"
1997-02-07 00.00.00.000,Longlife Tofu,"10,00",30,0,10,300
1997-02-10 00.00.00.000,Chang,"19,00",45,"0,15","16,15","726,75"
1997-02-10 00.00.00.000,Pavlova,"17,45",49,"0,15","14,832501","726,79254"
1997-02-10 00.00.00.000,Thüringer Rostbratwurst,"123,79",24,"0,15","105,221504","2525,3162"
1997-02-10 00.00.00.000,Sirop d'érable,"28,50",90,"0,15","24,225","2180,25"
1997-02-10 00.00.00.000,Schoggi Schokolade,"43,90",50,0,"43,9",2195
1997-02-11 00.00.00.000,Queso Cabrales,"21,00",30,0,21,630
1997-02-11 00.00.00.000,Tourtière,"7,45",80,0,"7,45",596
1997-02-11 00.00.00.000,Louisiana Hot Spiced Okra,"17,00",60,0,17,1020
1997-02-12 00.00.00.000,Queso Cabrales,"21,00",6,"0,2","16,800001","100,8"
1997-02-12 00.00.00.000,Rössle Sauerkraut,"45,60",12,0,"45,6","547,19995"
1997-02-12 00.00.00.000,Alice Mutton,"39,00",10,0,39,390
1997-02-12 00.00.00.000,Gumbär Gummibärchen,"31,23",15,0,"31,23","468,44998"
1997-02-12 00.00.00.000,Steeleye Stout,"18,00",8,0,18,144
1997-02-12 00.00.00.000,Jack's New England Clam Chowder,"9,65",30,0,"9,65","289,5"
1997-02-13 00.00.00.000,Chartreuse verte,"18,00",6,0,18,108
1997-02-13 00.00.00.000,Tourtière,"7,45",15,0,"7,45","111,75"
1997-02-14 00.00.00.000,Teatime Chocolate Biscuits,"9,20",12,"0,1","8,28","99,36"
1997-02-14 00.00.00.000,Guaraná Fantástica,"4,50",20,"0,1","4,0499997","80,99999"
1997-02-14 00.00.00.000,Gorgonzola Telino,"12,50",3,"0,1","11,25","33,75"
1997-02-14 00.00.00.000,Filo Mix,"7,00",15,"0,1","6,2999997","94,49999"
1997-02-14 00.00.00.000,Teatime Chocolate Biscuits,"9,20",40,0,"9,2",368
1997-02-14 00.00.00.000,Louisiana Fiery Hot Pepper Sauce,"21,05",35,0,"21,05","736,75"
1997-02-14 00.00.00.000,Flotemysost,"21,50",2,0,"21,5",43
1997-02-17 00.00.00.000,Gumbär Gummibärchen,"31,23",6,0,"31,23","187,38"
1997-02-17 00.00.00.000,Boston Crab Meat,"18,40",20,0,"18,4",368
1997-02-18 00.00.00.000,Ikura,"31,00",14,0,31,434
1997-02-18 00.00.00.000,Filo Mix,"7,00",20,0,7,140
1997-02-18 00.00.00.000,Tarte au sucre,"49,30",35,0,"49,3","1725,5"
1997-02-19 00.00.00.000,Ikura,"31,00",20,"0,2","24,800001","496,00003"
1997-02-19 00.00.00.000,Tourtière,"7,45",6,"0,2","5,96","35,760002"
1997-02-19 00.00.00.000,Pâté chinois,"24,00",120,"0,1","21,599998","2591,9998"
1997-02-19 00.00.00.000,Wimmers gute Semmelknödel,"33,25",35,"0,1","29,925","1047,375"
1997-02-19 00.00.00.000,Louisiana Fiery Hot Pepper Sauce,"21,05",28,"0,1","18,945","530,45996"
1997-02-19 00.00.00.000,Original Frankfurter grüne Soße,"13,00",55,"0,1","11,7","643,5"
1997-02-20 00.00.00.000,Rössle Sauerkraut,"45,60",15,0,"45,6",684
1997-02-20 00.00.00.000,Gula Malacca,"19,45",100,"0,05","18,4775","1847,7501"
1997-02-21 00.00.00.000,Chocolade,"12,75",15,"0,1","11,474999","172,12498"
1997-02-21 00.00.00.000,Outback Lager,"15,00",25,"0,1","13,5","337,5"
1997-02-21 00.00.00.000,Pavlova,"17,45",20,"0,2","13,960001","279,2"
1997-02-21 00.00.00.000,Geitost,"2,50",20,"0,2",2,40
1997-02-21 00.00.00.000,Spegesild,"12,00",10,"0,2","9,6",96
1997-02-24 00.00.00.000,Chartreuse verte,"18,00",20,0,18,360
1997-02-24 00.00.00.000,Perth Pasties,"32,80",50,0,"32,8",1640
1997-02-24 00.00.00.000,Sirop d'érable,"28,50",25,0,"28,5","712,5"
1997-02-24 00.00.00.000,Flotemysost,"21,50",30,0,"21,5",645
1997-02-25 00.00.00.000,Sir Rodney's Scones,"10,00",40,"0,15","8,5",340
1997-02-25 00.00.00.000,Maxilaku,"20,00",21,"0,15",17,357
1997-02-25 00.00.00.000,Raclette Courdavault,"55,00",36,0,55,1980
1997-02-26 00.00.00.000,Gumbär Gummibärchen,"31,23",30,0,"31,23","936,89996"
1997-02-26 00.00.00.000,Rössle Sauerkraut,"45,60",30,0,"45,6",1368
1997-02-26 00.00.00.000,Ipoh Coffee,"46,00",20,0,46,920
1997-02-26 00.00.00.000,Gnocchi di nonna Alice,"38,00",15,0,38,570
1997-02-26 00.00.00.000,Flotemysost,"21,50",50,0,"21,5",1075
1997-02-27 00.00.00.000,Uncle Bob's Organic Dried Pears,"30,00",16,"0,05","28,5",456
1997-02-27 00.00.00.000,Spegesild,"12,00",20,"0,05","11,4",228
1997-02-27 00.00.00.000,Mozzarella di Giovanni,"34,80",40,0,"34,8",1392
1997-02-28 00.00.00.000,Scottish Longbreads,"12,50",21,"0,25","9,375","196,875"
1997-02-28 00.00.00.000,Rhönbräu Klosterbier,"7,75",4,"0,25","5,8125","23,25"
1997-02-28 00.00.00.000,Sir Rodney's Scones,"10,00",40,"0,25","7,5",300
1997-02-28 00.00.00.000,Nord-Ost Matjeshering,"25,89",28,"0,25","19,4175","543,69"
1997-02-28 00.00.00.000,Pâté chinois,"24,00",60,"0,25",18,1080
1997-03-03 00.00.00.000,Konbu,"6,00",1,0,6,6
1997-03-03 00.00.00.000,Tunnbröd,"9,00",21,0,9,189
1997-03-04 00.00.00.000,Teatime Chocolate Biscuits,"9,20",21,0,"9,2","193,2"
1997-03-04 00.00.00.000,Singaporean Hokkien Fried Mee,"14,00",50,0,14,700
1997-03-04 00.00.00.000,Chef Anton's Cajun Seasoning,"22,00",16,"0,2","17,6","281,6"
1997-03-04 00.00.00.000,Ipoh Coffee,"46,00",3,0,46,138
1997-03-04 00.00.00.000,Gnocchi di nonna Alice,"38,00",30,"0,2","30,4",912
1997-03-04 00.00.00.000,Camembert Pierrot,"34,00",20,0,34,680
1997-03-05 00.00.00.000,Guaraná Fantástica,"4,50",25,0,"4,5","112,5"
1997-03-05 00.00.00.000,Thüringer Rostbratwurst,"123,79",18,"0,1","111,410995","2005,398"
1997-03-05 00.00.00.000,Boston Crab Meat,"18,40",20,0,"18,4",368
1997-03-05 00.00.00.000,Rogede sild,"9,50",30,"0,1","8,55","256,5"
1997-03-05 00.00.00.000,Valkoinen suklaa,"16,25",25,0,"16,25","406,25"
1997-03-06 00.00.00.000,Queso Cabrales,"21,00",10,0,21,210
1997-03-06 00.00.00.000,Spegesild,"12,00",5,0,12,60
1997-03-06 00.00.00.000,Guaraná Fantástica,"4,50",28,0,"4,5",126
1997-03-06 00.00.00.000,NuNuCa Nuß-Nougat-Creme,"14,00",12,0,14,168
1997-03-07 00.00.00.000,Nord-Ost Matjeshering,"25,89",8,0,"25,89","207,12"
1997-03-07 00.00.00.000,Ipoh Coffee,"46,00",15,0,46,690
1997-03-10 00.00.00.000,Chang,"19,00",40,"0,15","16,15",646
1997-03-10 00.00.00.000,Pavlova,"17,45",35,"0,15","14,832501","519,1376"
1997-03-10 00.00.00.000,Gula Malacca,"19,45",2,"0,15","16,532501","33,065002"
1997-03-11 00.00.00.000,Carnarvon Tigers,"62,50",30,0,"62,5",1875
1997-03-11 00.00.00.000,Tunnbröd,"9,00",15,0,9,135
1997-03-11 00.00.00.000,Wimmers gute Semmelknödel,"33,25",8,0,"33,25",266
1997-03-11 00.00.00.000,Uncle Bob's Organic Dried Pears,"30,00",30,0,30,900
1997-03-11 00.00.00.000,Gnocchi di nonna Alice,"38,00",20,0,38,760
1997-03-12 00.00.00.000,Guaraná Fantástica,"4,50",80,"0,05","4,275",342
1997-03-12 00.00.00.000,Manjimup Dried Apples,"53,00",18,0,53,954
1997-03-13 00.00.00.000,Geitost,"2,50",12,0,"2,5",30
1997-03-13 00.00.00.000,Flotemysost,"21,50",12,0,"21,5",258
1997-03-13 00.00.00.000,Tofu,"23,25",12,0,"23,25",279
1997-03-13 00.00.00.000,Rössle Sauerkraut,"45,60",18,0,"45,6","820,8"
1997-03-13 00.00.00.000,Boston Crab Meat,"18,40",21,0,"18,4","386,4"
1997-03-13 00.00.00.000,Rhönbräu Klosterbier,"7,75",10,0,"7,75","77,5"
1997-03-14 00.00.00.000,Gorgonzola Telino,"12,50",35,"0,15","10,625","371,875"
1997-03-14 00.00.00.000,Louisiana Hot Spiced Okra,"17,00",60,"0,15","14,450001","867,00006"
1997-03-14 00.00.00.000,Lakkalikööri,"18,00",42,"0,15","15,3","642,60004"
1997-03-17 00.00.00.000,Pâté chinois,"24,00",2,"0,05","22,8","45,6"
1997-03-17 00.00.00.000,Outback Lager,"15,00",12,0,15,180
1997-03-17 00.00.00.000,Chai,"18,00",15,0,18,270
1997-03-17 00.00.00.000,Sir Rodney's Scones,"10,00",21,"0,25","7,5","157,5"
1997-03-17 00.00.00.000,Chartreuse verte,"18,00",20,"0,25","13,5",270
1997-03-18 00.00.00.000,Ikura,"31,00",20,"0,05","29,449999",589
1997-03-19 00.00.00.000,Côte de Blaye,"263,50",30,0,"263,5",7905
1997-03-19 00.00.00.000,Perth Pasties,"32,80",28,0,"32,8","918,39996"
1997-03-19 00.00.00.000,Raclette Courdavault,"55,00",60,0,55,3300
1997-03-19 00.00.00.000,Wimmers gute Semmelknödel,"33,25",30,0,"33,25","997,5"
1997-03-20 00.00.00.000,Zaanse koeken,"9,50",30,0,"9,5",285
1997-03-20 00.00.00.000,Raclette Courdavault,"55,00",12,0,55,660
1997-03-20 00.00.00.000,Maxilaku,"20,00",24,0,20,480
1997-03-20 00.00.00.000,Camembert Pierrot,"34,00",40,0,34,1360
1997-03-21 00.00.00.000,Boston Crab Meat,"18,40",10,0,"18,4",184
1997-03-24 00.00.00.000,Sasquatch Ale,"14,00",35,"0,05","13,3","465,5"
1997-03-24 00.00.00.000,Original Frankfurter grüne Soße,"13,00",30,"0,05","12,349999","370,49997"
1997-03-24 00.00.00.000,Sir Rodney's Scones,"10,00",14,0,10,140
1997-03-24 00.00.00.000,Boston Crab Meat,"18,40",10,0,"18,4",184
1997-03-24 00.00.00.000,Manjimup Dried Apples,"53,00",3,0,53,159
1997-03-25 00.00.00.000,Chang,"19,00",20,"0,1","17,1",342
1997-03-25 00.00.00.000,Aniseed Syrup,"10,00",20,"0,1",9,180
1997-03-25 00.00.00.000,Pâté chinois,"24,00",30,"0,1","21,599998","647,99994"
1997-03-25 00.00.00.000,Outback Lager,"15,00",60,"0,1","13,5",810
1997-03-26 00.00.00.000,Queso Cabrales,"21,00",5,0,21,105
1997-03-26 00.00.00.000,Manjimup Dried Apples,"53,00",25,0,53,1325
1997-03-26 00.00.00.000,Longlife Tofu,"10,00",16,0,10,160
1997-03-26 00.00.00.000,Teatime Chocolate Biscuits,"9,20",5,0,"9,2",46
1997-03-26 00.00.00.000,Gumbär Gummibärchen,"31,23",30,0,"31,23","936,89996"
1997-03-26 00.00.00.000,Tourtière,"7,45",24,"0,25","5,5874996","134,09999"
1997-03-27 00.00.00.000,Raclette Courdavault,"55,00",30,0,55,1650
1997-03-27 00.00.00.000,Röd Kaviar,"15,00",20,"0,2",12,240
1997-03-28 00.00.00.000,Queso Cabrales,"21,00",15,"0,25","15,75","236,25"
1997-03-28 00.00.00.000,Pavlova,"17,45",18,0,"17,45","314,1"
1997-03-31 00.00.00.000,Raclette Courdavault,"55,00",60,0,55,3300
1997-03-31 00.00.00.000,Scottish Longbreads,"12,50",30,0,"12,5",375
1997-03-31 00.00.00.000,Rhönbräu Klosterbier,"7,75",36,0,"7,75",279
1997-03-31 00.00.00.000,Gula Malacca,"19,45",15,"0,15","16,532501","247,98752"
1997-03-31 00.00.00.000,Original Frankfurter grüne Soße,"13,00",7,"0,15","11,05","77,35"
1997-04-01 00.00.00.000,NuNuCa Nuß-Nougat-Creme,"14,00",60,"0,05","13,3",798
1997-04-01 00.00.00.000,Singaporean Hokkien Fried Mee,"14,00",20,"0,05","13,3",266
1997-04-02 00.00.00.000,Louisiana Fiery Hot Pepper Sauce,"21,05",15,"0,1","18,945","284,175"
1997-04-02 00.00.00.000,Louisiana Hot Spiced Okra,"17,00",10,"0,1","15,299999",153
1997-04-02 00.00.00.000,Gudbrandsdalsost,"36,00",10,"0,1","32,399998","323,99997"
1997-04-02 00.00.00.000,Gnocchi di nonna Alice,"38,00",30,0,38,1140
1997-04-03 00.00.00.000,Tunnbröd,"9,00",10,0,9,90
1997-04-03 00.00.00.000,Jack's New England Clam Chowder,"9,65",20,0,"9,65",193
1997-04-03 00.00.00.000,Original Frankfurter grüne Soße,"13,00",5,0,13,65
1997-04-04 00.00.00.000,Gorgonzola Telino,"12,50",20,"0,05","11,875","237,5"
1997-04-04 00.00.00.000,Gnocchi di nonna Alice,"38,00",14,0,38,532
1997-04-04 00.00.00.000,Mozzarella di Giovanni,"34,80",25,0,"34,8",870
1997-04-04 00.00.00.000,Original Frankfurter grüne Soße,"13,00",25,0,13,325
1997-04-07 00.00.00.000,Guaraná Fantástica,"4,50",14,0,"4,5",63
1997-04-07 00.00.00.000,Boston Crab Meat,"18,40",5,0,"18,4",92
1997-04-07 00.00.00.000,Singaporean Hokkien Fried Mee,"14,00",30,0,14,420
1997-04-08 00.00.00.000,Rössle Sauerkraut,"45,60",20,0,"45,6",912
1997-04-08 00.00.00.000,Maxilaku,"20,00",25,0,20,500
1997-04-09 00.00.00.000,Genen Shouyu,"15,50",12,"0,05","14,724999","176,7"
1997-04-09 00.00.00.000,Rössle Sauerkraut,"45,60",8,"0,05","43,32","346,56"
1997-04-09 00.00.00.000,Tourtière,"7,45",20,0,"7,45",149
1997-04-10 00.00.00.000,Rogede sild,"9,50",21,0,"9,5","199,5"
1997-04-10 00.00.00.000,Perth Pasties,"32,80",6,0,"32,8","196,79999"
1997-04-10 00.00.00.000,Laughing Lumberjack Lager,"14,00",30,0,14,420
1997-04-11 00.00.00.000,Tofu,"23,25",70,0,"23,25","1627,5"
1997-04-11 00.00.00.000,Louisiana Fiery Hot Pepper Sauce,"21,05",20,0,"21,05",421
1997-04-11 00.00.00.000,Chang,"19,00",12,0,19,228
1997-04-11 00.00.00.000,Sir Rodney's Scones,"10,00",12,0,10,120
1997-04-11 00.00.00.000,Perth Pasties,"32,80",10,0,"32,8",328
1997-04-11 00.00.00.000,Sirop d'érable,"28,50",25,0,"28,5","712,5"
1997-04-14 00.00.00.000,Tarte au sucre,"49,30",3,0,"49,3","147,9"
1997-04-15 00.00.00.000,NuNuCa Nuß-Nougat-Creme,"14,00",18,"0,1","12,599999","226,79999"
1997-04-15 00.00.00.000,Outback Lager,"15,00",14,"0,1","13,5",189
1997-04-15 00.00.00.000,Ipoh Coffee,"46,00",15,"0,15","39,100002","586,50006"
1997-04-15 00.00.00.000,Chocolade,"12,75",15,"0,15","10,837501","162,56252"
1997-04-16 00.00.00.000,Konbu,"6,00",10,0,6,60
1997-04-16 00.00.00.000,Chartreuse verte,"18,00",10,0,18,180
1997-04-17 00.00.00.000,Rössle Sauerkraut,"45,60",3,0,"45,6","136,79999"
1997-04-18 00.00.00.000,Thüringer Rostbratwurst,"123,79",36,0,"123,79","4456,44"
1997-04-18 00.00.00.000,Rhönbräu Klosterbier,"7,75",36,"0,1","6,975","251,09999"
1997-04-18 00.00.00.000,Chef Anton's Cajun Seasoning,"22,00",50,"0,15","18,7","935,00006"
1997-04-18 00.00.00.000,Uncle Bob's Organic Dried Pears,"30,00",50,"0,15","25,5",1275
1997-04-18 00.00.00.000,Northwoods Cranberry Sauce,"40,00",10,"0,15",34,340
1997-04-21 00.00.00.000,Guaraná Fantástica,"4,50",10,"0,15","3,825","38,25"
1997-04-21 00.00.00.000,Spegesild,"12,00",9,"0,15","10,200001","91,8"
1997-04-21 00.00.00.000,Zaanse koeken,"9,50",6,"0,15","8,075","48,449997"
1997-04-21 00.00.00.000,Camembert Pierrot,"34,00",12,"0,15","28,900002","346,80002"
1997-04-22 00.00.00.000,Sir Rodney's Scones,"10,00",40,"0,2",8,320
1997-04-22 00.00.00.000,Mascarpone Fabioli,"32,00",50,"0,2","25,6",1280
1997-04-22 00.00.00.000,Sirop d'érable,"28,50",15,"0,2","22,800001","342,00003"
1997-04-22 00.00.00.000,Sir Rodney's Marmalade,"81,00",39,0,81,3159
1997-04-22 00.00.00.000,Rössle Sauerkraut,"45,60",35,0,"45,6",1596
1997-04-22 00.00.00.000,Gnocchi di nonna Alice,"38,00",70,0,38,2660
1997-04-22 00.00.00.000,Louisiana Fiery Hot Pepper Sauce,"21,05",39,0,"21,05","820,94995"
1997-04-22 00.00.00.000,Rhönbräu Klosterbier,"7,75",50,0,"7,75","387,5"
1997-04-23 00.00.00.000,Mishi Kobe Niku,"97,00",16,"0,15","82,450005","1319,2001"
1997-04-23 00.00.00.000,Pavlova,"17,45",50,0,"17,45","872,50006"
1997-04-23 00.00.00.000,Schoggi Schokolade,"43,90",120,0,"43,9",5268
1997-04-23 00.00.00.000,Geitost,"2,50",16,"0,15","2,125",34
1997-04-23 00.00.00.000,Camembert Pierrot,"34,00",84,"0,15","28,900002","2427,6"
1997-04-24 00.00.00.000,Carnarvon Tigers,"62,50",25,"0,1","56,25","1406,25"
1997-04-24 00.00.00.000,Jack's New England Clam Chowder,"9,65",80,"0,1","8,684999","694,7999"
1997-04-24 00.00.00.000,Singaporean Hokkien Fried Mee,"14,00",20,0,14,280
1997-04-24 00.00.00.000,Filo Mix,"7,00",6,0,7,42
1997-04-24 00.00.00.000,Raclette Courdavault,"55,00",4,0,55,220
1997-04-24 00.00.00.000,Outback Lager,"15,00",6,0,15,90
1997-04-25 00.00.00.000,Guaraná Fantástica,"4,50",5,0,"4,5","22,5"
1997-04-25 00.00.00.000,Côte de Blaye,"263,50",15,0,"263,5","3952,5"
1997-04-25 00.00.00.000,Gula Malacca,"19,45",9,0,"19,45","175,05"
1997-04-28 00.00.00.000,Ikura,"31,00",16,"0,05","29,449999","471,19998"
1997-04-28 00.00.00.000,Gnocchi di nonna Alice,"38,00",40,0,38,1520
1997-04-28 00.00.00.000,Camembert Pierrot,"34,00",10,"0,05","32,3",323
1997-04-29 00.00.00.000,Guaraná Fantástica,"4,50",8,0,"4,5",36
1997-04-29 00.00.00.000,Perth Pasties,"32,80",5,0,"32,8",164
1997-04-29 00.00.00.000,Steeleye Stout,"18,00",3,0,18,54
1997-04-29 00.00.00.000,Jack's New England Clam Chowder,"9,65",10,0,"9,65","96,5"
1997-04-29 00.00.00.000,Scottish Longbreads,"12,50",6,0,"12,5",75
1997-04-30 00.00.00.000,Chai,"18,00",40,"0,2","14,400001",576
1997-04-30 00.00.00.000,Northwoods Cranberry Sauce,"40,00",24,0,40,960
1997-04-30 00.00.00.000,Nord-Ost Matjeshering,"25,89",20,"0,2","20,712","414,24"
1997-04-30 00.00.00.000,Boston Crab Meat,"18,40",25,"0,2","14,72",368
1997-05-01 00.00.00.000,Alice Mutton,"39,00",25,"0,1","35,1","877,49994"
1997-05-01 00.00.00.000,Sir Rodney's Marmalade,"81,00",15,"0,1","72,9","1093,5"
1997-05-01 00.00.00.000,Gravad lax,"26,00",18,"0,1","23,4","421,19998"
1997-05-01 00.00.00.000,Jack's New England Clam Chowder,"9,65",6,"0,1","8,684999","52,109997"
1997-05-01 00.00.00.000,Ikura,"31,00",2,0,31,62
1997-05-01 00.00.00.000,Nord-Ost Matjeshering,"25,89",10,0,"25,89","258,9"
1997-05-01 00.00.00.000,Ipoh Coffee,"46,00",60,0,46,2760
1997-05-01 00.00.00.000,Tourtière,"7,45",15,0,"7,45","111,75"
1997-05-02 00.00.00.000,Inlagd Sill,"19,00",30,0,19,570
1997-05-02 00.00.00.000,Boston Crab Meat,"18,40",15,"0,1","16,56","248,4"
1997-05-05 00.00.00.000,Chai,"18,00",8,"0,15","15,3","122,4"
1997-05-05 00.00.00.000,Konbu,"6,00",10,0,6,60
1997-05-05 00.00.00.000,Gnocchi di nonna Alice,"38,00",30,"0,15","32,3",969
1997-05-05 00.00.00.000,Chef Anton's Cajun Seasoning,"22,00",50,"0,1","19,8","989,99994"
1997-05-05 00.00.00.000,Inlagd Sill,"19,00",30,"0,1","17,1",513
1997-05-06 00.00.00.000,Queso Cabrales,"21,00",3,0,21,63
1997-05-06 00.00.00.000,Geitost,"2,50",8,"0,2",2,16
1997-05-06 00.00.00.000,Mozzarella di Giovanni,"34,80",9,0,"34,8","313,19998"
1997-05-07 00.00.00.000,Pâté chinois,"24,00",14,0,24,336
1997-05-07 00.00.00.000,Scottish Longbreads,"12,50",20,0,"12,5",250
1997-05-07 00.00.00.000,Gudbrandsdalsost,"36,00",10,0,36,360
1997-05-08 00.00.00.000,Alice Mutton,"39,00",40,0,39,1560
1997-05-08 00.00.00.000,Ipoh Coffee,"46,00",25,0,46,1150
1997-05-08 00.00.00.000,Sirop d'érable,"28,50",20,0,"28,5",570
1997-05-08 00.00.00.000,Lakkalikööri,"18,00",50,0,18,900
1997-05-08 00.00.00.000,Raclette Courdavault,"55,00",2,0,55,110
1997-05-09 00.00.00.000,Nord-Ost Matjeshering,"25,89",15,0,"25,89","388,34998"
1997-05-09 00.00.00.000,Louisiana Hot Spiced Okra,"17,00",24,0,17,408
1997-05-12 00.00.00.000,Chef Anton's Cajun Seasoning,"22,00",50,"0,05","20,9",1045
1997-05-12 00.00.00.000,Mozzarella di Giovanni,"34,80",24,0,"34,8","835,19995"
1997-05-12 00.00.00.000,Röd Kaviar,"15,00",24,"0,05","14,25",342
1997-05-12 00.00.00.000,Nord-Ost Matjeshering,"25,89",10,0,"25,89","258,9"
1997-05-12 00.00.00.000,Boston Crab Meat,"18,40",10,"0,2","14,72","147,2"
1997-05-12 00.00.00.000,Tourtière,"7,45",10,"0,2","5,96","59,6"
1997-05-13 00.00.00.000,Queso Cabrales,"21,00",50,"0,1","18,9",945
1997-05-13 00.00.00.000,Boston Crab Meat,"18,40",10,"0,1","16,56","165,59999"
1997-05-13 00.00.00.000,Ravioli Angelo,"19,50",5,"0,1","17,55","87,75"
1997-05-13 00.00.00.000,Raclette Courdavault,"55,00",15,"0,1","49,5","742,5"
1997-05-14 00.00.00.000,Queso Manchego La Pastora,"38,00",15,"0,25","28,5","427,5"
1997-05-14 00.00.00.000,Gorgonzola Telino,"12,50",20,0,"12,5",250
1997-05-14 00.00.00.000,Geitost,"2,50",30,0,"2,5",75
1997-05-14 00.00.00.000,Camembert Pierrot,"34,00",35,"0,25","25,5","892,5"
1997-05-14 00.00.00.000,Gorgonzola Telino,"12,50",30,0,"12,5",375
1997-05-14 00.00.00.000,Manjimup Dried Apples,"53,00",6,0,53,318
1997-05-14 00.00.00.000,Escargots de Bourgogne,"13,25",20,0,"13,25",265
1997-05-14 00.00.00.000,Mozzarella di Giovanni,"34,80",21,0,"34,8","730,8"
1997-05-14 00.00.00.000,Röd Kaviar,"15,00",9,0,15,135
1997-05-15 00.00.00.000,Outback Lager,"15,00",7,0,15,105
1997-05-15 00.00.00.000,Mozzarella di Giovanni,"34,80",1,0,"34,8","34,8"
1997-05-16 00.00.00.000,Konbu,"6,00",8,0,6,48
1997-05-16 00.00.00.000,Sir Rodney's Scones,"10,00",15,0,10,150
1997-05-16 00.00.00.000,Geitost,"2,50",15,0,"2,5","37,5"
1997-05-16 00.00.00.000,Maxilaku,"20,00",6,0,20,120
1997-05-19 00.00.00.000,Aniseed Syrup,"10,00",60,0,10,600
1997-05-19 00.00.00.000,Gumbär Gummibärchen,"31,23",40,0,"31,23","1249,2"
1997-05-19 00.00.00.000,Côte de Blaye,"263,50",30,0,"263,5",7905
1997-05-19 00.00.00.000,Scottish Longbreads,"12,50",35,0,"12,5","437,5"
1997-05-19 00.00.00.000,Guaraná Fantástica,"4,50",35,"0,1","4,0499997","141,74998"
1997-05-19 00.00.00.000,Côte de Blaye,"263,50",4,"0,1","237,15","948,6"
1997-05-19 00.00.00.000,Louisiana Fiery Hot Pepper Sauce,"21,05",36,"0,1","18,945","682,02"
1997-05-19 00.00.00.000,Flotemysost,"21,50",9,"0,1","19,35","174,15001"
1997-05-20 00.00.00.000,Queso Cabrales,"21,00",15,"0,05","19,949999","299,24997"
1997-05-20 00.00.00.000,Tourtière,"7,45",24,"0,05","7,0775","169,86"
1997-05-21 00.00.00.000,Queso Manchego La Pastora,"38,00",30,"0,15","32,3",969
1997-05-21 00.00.00.000,Tunnbröd,"9,00",70,"0,15","7,65","535,5"
1997-05-21 00.00.00.000,Rössle Sauerkraut,"45,60",7,0,"45,6","319,19998"
1997-05-21 00.00.00.000,Laughing Lumberjack Lager,"14,00",7,0,14,98
1997-05-22 00.00.00.000,Queso Cabrales,"21,00",10,0,21,210
1997-05-23 00.00.00.000,Uncle Bob's Organic Dried Pears,"30,00",10,0,30,300
1997-05-23 00.00.00.000,Steeleye Stout,"18,00",30,0,18,540
1997-05-23 00.00.00.000,Tarte au sucre,"49,30",40,0,"49,3",1972
1997-05-23 00.00.00.000,Mascarpone Fabioli,"32,00",24,"0,15","27,2","652,80005"
1997-05-23 00.00.00.000,Inlagd Sill,"19,00",60,0,19,1140
1997-05-26 00.00.00.000,Sasquatch Ale,"14,00",10,"0,25","10,5",105
1997-05-26 00.00.00.000,Jack's New England Clam Chowder,"9,65",14,0,"9,65","135,09999"
1997-05-27 00.00.00.000,Gorgonzola Telino,"12,50",55,"0,15","10,625","584,375"
1997-05-27 00.00.00.000,Rogede sild,"9,50",100,"0,15","8,075","807,5"
1997-05-27 00.00.00.000,Manjimup Dried Apples,"53,00",48,"0,15","45,050003","2162,4001"
1997-05-28 00.00.00.000,Alice Mutton,"39,00",8,"0,1","35,1","280,8"
1997-05-28 00.00.00.000,Teatime Chocolate Biscuits,"9,20",10,0,"9,2",92
1997-05-28 00.00.00.000,Sir Rodney's Scones,"10,00",6,"0,1",9,54
1997-05-28 00.00.00.000,Sirop d'érable,"28,50",10,"0,1","25,65","256,5"
1997-05-28 00.00.00.000,Pavlova,"17,45",40,"0,15","14,832501","593,30005"
1997-05-28 00.00.00.000,Steeleye Stout,"18,00",20,"0,15","15,3",306
1997-05-28 00.00.00.000,Gula Malacca,"19,45",40,0,"19,45",778
1997-05-29 00.00.00.000,Gudbrandsdalsost,"36,00",18,0,36,648
1997-05-29 00.00.00.000,Rhönbräu Klosterbier,"7,75",30,0,"7,75","232,5"
1997-05-30 00.00.00.000,Queso Cabrales,"21,00",15,0,21,315
1997-05-30 00.00.00.000,Pavlova,"17,45",14,0,"17,45","244,30002"
1997-05-30 00.00.00.000,Gustaf's Knäckebröd,"21,00",24,0,21,504
1997-05-30 00.00.00.000,Gorgonzola Telino,"12,50",30,0,"12,5",375
1997-05-30 00.00.00.000,Steeleye Stout,"18,00",6,0,18,108
1997-05-30 00.00.00.000,Pavlova,"17,45",30,"0,05","16,577501","497,32504"
1997-05-30 00.00.00.000,Tunnbröd,"9,00",20,"0,05","8,55",171
1997-05-30 00.00.00.000,Tarte au sucre,"49,30",20,"0,05","46,835","936,69995"
1997-05-30 00.00.00.000,Original Frankfurter grüne Soße,"13,00",10,"0,05","12,349999","123,49999"
1997-06-02 00.00.00.000,Tofu,"23,25",30,"0,2","18,6",558
1997-06-02 00.00.00.000,Teatime Chocolate Biscuits,"9,20",35,"0,2","7,36","257,6"
1997-06-02 00.00.00.000,Guaraná Fantástica,"4,50",18,"0,2","3,6000001","64,8"
1997-06-02 00.00.00.000,Manjimup Dried Apples,"53,00",20,"0,2","42,4",848
1997-06-02 00.00.00.000,Gnocchi di nonna Alice,"38,00",40,"0,2","30,4",1216
1997-06-03 00.00.00.000,Mozzarella di Giovanni,"34,80",24,0,"34,8","835,19995"
1997-06-03 00.00.00.000,Wimmers gute Semmelknödel,"33,25",30,0,"33,25","997,5"
1997-06-03 00.00.00.000,Rhönbräu Klosterbier,"7,75",20,0,"7,75",155
1997-06-04 00.00.00.000,Zaanse koeken,"9,50",25,0,"9,5","237,5"
1997-06-04 00.00.00.000,Manjimup Dried Apples,"53,00",20,0,53,1060
1997-06-04 00.00.00.000,Filo Mix,"7,00",30,0,7,210
1997-06-04 00.00.00.000,Perth Pasties,"32,80",18,0,"32,8","590,39996"
1997-06-04 00.00.00.000,Röd Kaviar,"15,00",3,0,15,45
1997-06-05 00.00.00.000,Jack's New England Clam Chowder,"9,65",12,"0,05","9,1675","110,009995"
1997-06-05 00.00.00.000,Pâté chinois,"24,00",18,"0,05","22,8","410,4"
1997-06-06 00.00.00.000,Nord-Ost Matjeshering,"25,89",20,0,"25,89","517,8"
1997-06-06 00.00.00.000,Tarte au sucre,"49,30",15,"0,25","36,975","554,625"
1997-06-06 00.00.00.000,Gula Malacca,"19,45",10,0,"19,45","194,5"
1997-06-06 00.00.00.000,Manjimup Dried Apples,"53,00",50,0,53,2650
1997-06-09 00.00.00.000,Geitost,"2,50",20,"0,1","2,25",45
1997-06-09 00.00.00.000,Tarte au sucre,"49,30",10,"0,1","44,37","443,69998"
1997-06-10 00.00.00.000,Inlagd Sill,"19,00",25,0,19,475
1997-06-10 00.00.00.000,Filo Mix,"7,00",70,0,7,490
1997-06-10 00.00.00.000,Alice Mutton,"39,00",16,"0,05","37,05","592,8"
1997-06-10 00.00.00.000,Gorgonzola Telino,"12,50",6,"0,05","11,875","71,25"
1997-06-10 00.00.00.000,Pâté chinois,"24,00",25,"0,05","22,8",570
1997-06-11 00.00.00.000,Guaraná Fantástica,"4,50",25,"0,1","4,0499997","101,24999"
1997-06-11 00.00.00.000,Wimmers gute Semmelknödel,"33,25",18,"0,1","29,925","538,64996"
1997-06-12 00.00.00.000,Queso Cabrales,"21,00",35,"0,15","17,85","624,75"
1997-06-12 00.00.00.000,Carnarvon Tigers,"62,50",18,"0,15","53,125","956,25"
1997-06-12 00.00.00.000,Lakkalikööri,"18,00",10,0,18,180
1997-06-12 00.00.00.000,Gorgonzola Telino,"12,50",60,"0,2",10,600
1997-06-12 00.00.00.000,Manjimup Dried Apples,"53,00",3,0,53,159
1997-06-12 00.00.00.000,Raclette Courdavault,"55,00",40,"0,2",44,1760
1997-06-13 00.00.00.000,Ikura,"31,00",5,0,31,155
1997-06-16 00.00.00.000,Gorgonzola Telino,"12,50",35,"0,2",10,350
1997-06-16 00.00.00.000,Lakkalikööri,"18,00",30,0,18,540
1997-06-17 00.00.00.000,Queso Cabrales,"21,00",15,"0,05","19,949999","299,24997"
1997-06-17 00.00.00.000,Gnocchi di nonna Alice,"38,00",60,"0,05","36,1",2166
1997-06-17 00.00.00.000,Tofu,"23,25",11,"0,15","19,7625","217,38751"
1997-06-17 00.00.00.000,Singaporean Hokkien Fried Mee,"14,00",28,"0,15","11,900001","333,2"
1997-06-18 00.00.00.000,Pavlova,"17,45",12,"0,1","15,705","188,45999"
1997-06-18 00.00.00.000,Mascarpone Fabioli,"32,00",10,"0,1","28,8",288
1997-06-18 00.00.00.000,Boston Crab Meat,"18,40",50,0,"18,4",920
1997-06-18 00.00.00.000,Rhönbräu Klosterbier,"7,75",15,"0,1","6,975","104,625"
1997-06-19 00.00.00.000,Alice Mutton,"39,00",18,0,39,702
1997-06-19 00.00.00.000,Sasquatch Ale,"14,00",40,0,14,560
1997-06-19 00.00.00.000,Perth Pasties,"32,80",25,0,"32,8",820
1997-06-19 00.00.00.000,Geitost,"2,50",14,0,"2,5",35
1997-06-19 00.00.00.000,Boston Crab Meat,"18,40",2,0,"18,4","36,8"
1997-06-19 00.00.00.000,Tarte au sucre,"49,30",10,0,"49,3",493
1997-06-19 00.00.00.000,Wimmers gute Semmelknödel,"33,25",6,0,"33,25","199,5"
1997-06-20 00.00.00.000,Raclette Courdavault,"55,00",12,0,55,660
1997-06-20 00.00.00.000,Vegie-spread,"43,90",6,0,"43,9","263,40002"
1997-06-20 00.00.00.000,Mozzarella di Giovanni,"34,80",30,0,"34,8",1044
1997-06-20 00.00.00.000,Lakkalikööri,"18,00",10,0,18,180
1997-06-23 00.00.00.000,Chai,"18,00",10,0,18,180
1997-06-23 00.00.00.000,Gorgonzola Telino,"12,50",20,0,"12,5",250
1997-06-23 00.00.00.000,Gula Malacca,"19,45",21,0,"19,45","408,45"
1997-06-23 00.00.00.000,Chartreuse verte,"18,00",10,0,18,180
1997-06-23 00.00.00.000,Rhönbräu Klosterbier,"7,75",20,0,"7,75",155
1997-06-23 00.00.00.000,Original Frankfurter grüne Soße,"13,00",18,0,13,234
1997-06-24 00.00.00.000,Steeleye Stout,"18,00",20,0,18,360
1997-06-24 00.00.00.000,Ravioli Angelo,"19,50",6,0,"19,5",117
1997-06-25 00.00.00.000,Genen Shouyu,"15,50",10,0,"15,5",155
1997-06-25 00.00.00.000,Rhönbräu Klosterbier,"7,75",21,0,"7,75","162,75"
1997-06-26 00.00.00.000,Tofu,"23,25",15,"0,05","22,0875","331,3125"
1997-06-26 00.00.00.000,Jack's New England Clam Chowder,"9,65",9,"0,05","9,1675","82,50749"
1997-06-26 00.00.00.000,Louisiana Fiery Hot Pepper Sauce,"21,05",30,"0,05","19,9975","599,925"
1997-06-26 00.00.00.000,Rhönbräu Klosterbier,"7,75",50,"0,2","6,2000003",310
1997-06-27 00.00.00.000,Ravioli Angelo,"19,50",4,0,"19,5",78
1997-06-27 00.00.00.000,Lakkalikööri,"18,00",14,0,18,252
1997-06-30 00.00.00.000,Thüringer Rostbratwurst,"123,79",10,0,"123,79","1237,9"
1997-06-30 00.00.00.000,Camembert Pierrot,"34,00",24,"0,15","28,900002","693,60004"
1997-06-30 00.00.00.000,Gudbrandsdalsost,"36,00",10,"0,15","30,6",306
1997-06-30 00.00.00.000,Gorgonzola Telino,"12,50",50,"0,05","11,875","593,75"
1997-07-01 00.00.00.000,Zaanse koeken,"9,50",15,0,"9,5","142,5"
1997-07-02 00.00.00.000,Filo Mix,"7,00",4,"0,15","5,9500003","23,800001"
1997-07-02 00.00.00.000,Gumbär Gummibärchen,"31,23",6,0,"31,23","187,38"
1997-07-02 00.00.00.000,Steeleye Stout,"18,00",20,0,18,360
1997-07-02 00.00.00.000,Original Frankfurter grüne Soße,"13,00",20,0,13,260
1997-07-03 00.00.00.000,Carnarvon Tigers,"62,50",40,"0,2",50,2000
1997-07-03 00.00.00.000,Singaporean Hokkien Fried Mee,"14,00",100,"0,2","11,2",1120
1997-07-04 00.00.00.000,Steeleye Stout,"18,00",4,0,18,72
1997-07-07 00.00.00.000,Chai,"18,00",20,0,18,360
1997-07-07 00.00.00.000,Original Frankfurter grüne Soße,"13,00",60,"0,05","12,349999","740,99994"
1997-07-07 00.00.00.000,Aniseed Syrup,"10,00",14,0,10,140
1997-07-07 00.00.00.000,Uncle Bob's Organic Dried Pears,"30,00",10,0,30,300
1997-07-07 00.00.00.000,Tourtière,"7,45",50,0,"7,45","372,5"
1997-07-08 00.00.00.000,Genen Shouyu,"15,50",25,"0,05","14,724999","368,125"
1997-07-08 00.00.00.000,Gumbär Gummibärchen,"31,23",5,"0,05","29,668499","148,3425"
1997-07-09 00.00.00.000,Sir Rodney's Marmalade,"81,00",21,"0,2","64,8","1360,8"
1997-07-09 00.00.00.000,Gudbrandsdalsost,"36,00",20,"0,2","28,800001",576
1997-07-09 00.00.00.000,Lakkalikööri,"18,00",4,"0,2","14,400001","57,600002"
1997-07-09 00.00.00.000,Filo Mix,"7,00",24,0,7,168
1997-07-09 00.00.00.000,Escargots de Bourgogne,"13,25",30,0,"13,25","397,5"
1997-07-10 00.00.00.000,Steeleye Stout,"18,00",30,"0,25","13,5",405
1997-07-10 00.00.00.000,Sirop d'érable,"28,50",120,"0,25","21,375",2565
1997-07-10 00.00.00.000,Gudbrandsdalsost,"36,00",65,"0,25",27,1755
1997-07-11 00.00.00.000,Gnocchi di nonna Alice,"38,00",5,"0,2","30,4",152
1997-07-11 00.00.00.000,Vegie-spread,"43,90",24,"0,2","35,120003","842,88007"
1997-07-11 00.00.00.000,Rhönbräu Klosterbier,"7,75",30,"0,2","6,2000003","186,00002"
1997-07-11 00.00.00.000,Guaraná Fantástica,"4,50",35,"0,2","3,6000001","126,00001"
1997-07-11 00.00.00.000,Ravioli Angelo,"19,50",20,0,"19,5",390
1997-07-11 00.00.00.000,Louisiana Fiery Hot Pepper Sauce,"21,05",12,"0,2","16,84","202,08"
1997-07-14 00.00.00.000,Schoggi Schokolade,"43,90",50,0,"43,9",2195
1997-07-14 00.00.00.000,Flotemysost,"21,50",9,0,"21,5","193,5"
1997-07-15 00.00.00.000,Tarte au sucre,"49,30",10,0,"49,3",493
1997-07-16 00.00.00.000,Tourtière,"7,45",4,0,"7,45","29,8"
1997-07-16 00.00.00.000,Röd Kaviar,"15,00",30,0,15,450
1997-07-16 00.00.00.000,Konbu,"6,00",60,0,6,360
1997-07-16 00.00.00.000,Raclette Courdavault,"55,00",35,0,55,1925
1997-07-17 00.00.00.000,Original Frankfurter grüne Soße,"13,00",5,"0,25","9,75","48,75"
1997-07-18 00.00.00.000,Gustaf's Knäckebröd,"21,00",48,0,21,1008
1997-07-18 00.00.00.000,Maxilaku,"20,00",25,"0,05",19,475
1997-07-18 00.00.00.000,Chocolade,"12,75",6,"0,1","11,474999","68,85"
1997-07-18 00.00.00.000,Lakkalikööri,"18,00",10,"0,1","16,199999","161,99998"
1997-07-21 00.00.00.000,Pavlova,"17,45",30,"0,05","16,577501","497,32504"
1997-07-21 00.00.00.000,Raclette Courdavault,"55,00",20,"0,05","52,25",1045
1997-07-21 00.00.00.000,Camembert Pierrot,"34,00",70,"0,05","32,3",2261
1997-07-21 00.00.00.000,Flotemysost,"21,50",15,"0,05","20,425","306,375"
1997-07-22 00.00.00.000,Chef Anton's Cajun Seasoning,"22,00",20,"0,2","17,6",352
1997-07-22 00.00.00.000,Pâté chinois,"24,00",20,"0,2","19,2",384
1997-07-22 00.00.00.000,Tarte au sucre,"49,30",10,"0,2","39,44","394,4"
1997-07-22 00.00.00.000,Uncle Bob's Organic Dried Pears,"30,00",45,0,30,1350
1997-07-22 00.00.00.000,Alice Mutton,"39,00",100,0,39,3900
1997-07-22 00.00.00.000,Geitost,"2,50",14,0,"2,5",35
1997-07-22 00.00.00.000,Boston Crab Meat,"18,40",42,0,"18,4","772,8"
1997-07-22 00.00.00.000,Mozzarella di Giovanni,"34,80",12,0,"34,8","417,59998"
1997-07-23 00.00.00.000,Gnocchi di nonna Alice,"38,00",28,0,38,1064
1997-07-24 00.00.00.000,Chai,"18,00",3,0,18,54
1997-07-24 00.00.00.000,Ikura,"31,00",10,0,31,310
1997-07-24 00.00.00.000,Sir Rodney's Scones,"10,00",6,0,10,60
1997-07-25 00.00.00.000,Inlagd Sill,"19,00",21,"0,25","14,25","299,25"
1997-07-25 00.00.00.000,Chai,"18,00",6,0,18,108
1997-07-25 00.00.00.000,Chang,"19,00",10,0,19,190
1997-07-25 00.00.00.000,Camembert Pierrot,"34,00",15,0,34,510
1997-07-28 00.00.00.000,Ikura,"31,00",70,0,31,2170
1997-07-28 00.00.00.000,Inlagd Sill,"19,00",55,0,19,1045
1997-07-28 00.00.00.000,Maxilaku,"20,00",18,0,20,360
1997-07-28 00.00.00.000,Camembert Pierrot,"34,00",40,0,34,1360
1997-07-28 00.00.00.000,Lakkalikööri,"18,00",80,0,18,1440
1997-07-29 00.00.00.000,Konbu,"6,00",8,"0,1","5,3999996","43,199997"
1997-07-29 00.00.00.000,Rhönbräu Klosterbier,"7,75",40,0,"7,75",310
1997-07-29 00.00.00.000,Queso Cabrales,"21,00",14,0,21,294
1997-07-29 00.00.00.000,Sir Rodney's Scones,"10,00",8,0,10,80
1997-07-29 00.00.00.000,Chartreuse verte,"18,00",5,0,18,90
1997-07-30 00.00.00.000,Pâté chinois,"24,00",5,0,24,120
1997-07-31 00.00.00.000,Côte de Blaye,"263,50",15,"0,05","250,325","3754,875"
1997-07-31 00.00.00.000,Gnocchi di nonna Alice,"38,00",14,0,38,532
1997-07-31 00.00.00.000,Outback Lager,"15,00",15,"0,05","14,25","213,75"
1997-07-31 00.00.00.000,Flotemysost,"21,50",15,"0,05","20,425","306,375"
1997-07-31 00.00.00.000,Raclette Courdavault,"55,00",30,"0,15","46,75","1402,5"
1997-08-01 00.00.00.000,Grandma's Boysenberry Spread,"25,00",70,0,25,1750
1997-08-01 00.00.00.000,Gnocchi di nonna Alice,"38,00",20,0,38,760
1997-08-01 00.00.00.000,Scottish Longbreads,"12,50",15,0,"12,5","187,5"
1997-08-04 00.00.00.000,Sir Rodney's Scones,"10,00",42,0,10,420
1997-08-04 00.00.00.000,Gustaf's Knäckebröd,"21,00",40,0,21,840
1997-08-05 00.00.00.000,Guaraná Fantástica,"4,50",5,0,"4,5","22,5"
1997-08-05 00.00.00.000,Filo Mix,"7,00",5,0,7,35
1997-08-05 00.00.00.000,Teatime Chocolate Biscuits,"9,20",5,0,"9,2",46
1997-08-05 00.00.00.000,Tunnbröd,"9,00",10,0,9,90
1997-08-05 00.00.00.000,Outback Lager,"15,00",20,0,15,300
1997-08-05 00.00.00.000,Flotemysost,"21,50",15,0,"21,5","322,5"
1997-08-06 00.00.00.000,Chang,"19,00",20,0,19,380
1997-08-06 00.00.00.000,Scottish Longbreads,"12,50",18,"0,2",10,180
1997-08-07 00.00.00.000,Tofu,"23,25",21,0,"23,25","488,25"
1997-08-07 00.00.00.000,Teatime Chocolate Biscuits,"9,20",15,"0,1","8,28","124,2"
1997-08-07 00.00.00.000,Sir Rodney's Scones,"10,00",25,"0,1",9,225
1997-08-07 00.00.00.000,Guaraná Fantástica,"4,50",3,0,"4,5","13,5"
1997-08-07 00.00.00.000,Steeleye Stout,"18,00",30,"0,1","16,199999","485,99997"
1997-08-07 00.00.00.000,Rössle Sauerkraut,"45,60",10,0,"45,6",456
1997-08-07 00.00.00.000,Thüringer Rostbratwurst,"123,79",6,0,"123,79","742,74"
1997-08-07 00.00.00.000,Gula Malacca,"19,45",10,0,"19,45","194,5"
1997-08-08 00.00.00.000,Tofu,"23,25",3,0,"23,25","69,75"
1997-08-08 00.00.00.000,Singaporean Hokkien Fried Mee,"14,00",5,0,14,70
1997-08-08 00.00.00.000,Camembert Pierrot,"34,00",10,0,34,340
1997-08-11 00.00.00.000,Perth Pasties,"32,80",12,0,"32,8","393,59998"
1997-08-11 00.00.00.000,Camembert Pierrot,"34,00",20,0,34,680
1997-08-11 00.00.00.000,Flotemysost,"21,50",20,0,"21,5",430
1997-08-11 00.00.00.000,Tarte au sucre,"49,30",15,0,"49,3","739,5"
1997-08-11 00.00.00.000,Röd Kaviar,"15,00",35,"0,15","12,75","446,25"
1997-08-12 00.00.00.000,Chai,"18,00",25,0,18,450
1997-08-12 00.00.00.000,Thüringer Rostbratwurst,"123,79",20,0,"123,79","2475,8"
1997-08-12 00.00.00.000,Wimmers gute Semmelknödel,"33,25",9,0,"33,25","299,25"
1997-08-13 00.00.00.000,Pâté chinois,"24,00",12,"0,05","22,8","273,59998"
1997-08-13 00.00.00.000,Lakkalikööri,"18,00",35,0,18,630
1997-08-14 00.00.00.000,Rhönbräu Klosterbier,"7,75",8,"0,1","6,975","55,8"
1997-08-14 00.00.00.000,Chang,"19,00",30,"0,05","18,05","541,5"
1997-08-14 00.00.00.000,Geitost,"2,50",20,"0,05","2,375","47,5"
1997-08-15 00.00.00.000,Queso Manchego La Pastora,"38,00",36,"0,15","32,3","1162,7999"
1997-08-15 00.00.00.000,Konbu,"6,00",13,"0,15","5,1000004","66,3"
1997-08-15 00.00.00.000,Gumbär Gummibärchen,"31,23",35,"0,15","26,5455","929,09247"
1997-08-15 00.00.00.000,Tarte au sucre,"49,30",80,"0,15","41,905","3352,4"
1997-08-15 00.00.00.000,Uncle Bob's Organic Dried Pears,"30,00",35,0,30,1050
1997-08-15 00.00.00.000,Carnarvon Tigers,"62,50",50,0,"62,5",3125
1997-08-15 00.00.00.000,Manjimup Dried Apples,"53,00",15,0,53,795
1997-08-15 00.00.00.000,Rhönbräu Klosterbier,"7,75",2,0,"7,75","15,5"
1997-08-18 00.00.00.000,Chef Anton's Cajun Seasoning,"22,00",10,"0,1","19,8",198
1997-08-18 00.00.00.000,Chef Anton's Gumbo Mix,"21,35",15,"0,1","19,215","288,225"
1997-08-18 00.00.00.000,Gustaf's Knäckebröd,"21,00",40,0,21,840
1997-08-19 00.00.00.000,Chef Anton's Cajun Seasoning,"22,00",25,0,22,550
1997-08-19 00.00.00.000,Escargots de Bourgogne,"13,25",6,0,"13,25","79,5"
1997-08-19 00.00.00.000,Queso Cabrales,"21,00",10,0,21,210
1997-08-19 00.00.00.000,Valkoinen suklaa,"16,25",25,"0,05","15,4375","385,9375"
1997-08-19 00.00.00.000,Gnocchi di nonna Alice,"38,00",60,"0,05","36,1",2166
1997-08-20 00.00.00.000,Rogede sild,"9,50",20,0,"9,5",190
1997-08-20 00.00.00.000,Louisiana Fiery Hot Pepper Sauce,"21,05",21,0,"21,05","442,05"
1997-08-20 00.00.00.000,Mozzarella di Giovanni,"34,80",60,0,"34,8",2088
1997-08-20 00.00.00.000,Carnarvon Tigers,"62,50",8,0,"62,5",500
1997-08-21 00.00.00.000,Gudbrandsdalsost,"36,00",20,"0,25",27,540
1997-08-21 00.00.00.000,Outback Lager,"15,00",15,"0,25","11,25","168,75"
1997-08-22 00.00.00.000,Chang,"19,00",50,0,19,950
1997-08-22 00.00.00.000,Boston Crab Meat,"18,40",60,0,"18,4",1104
1997-08-22 00.00.00.000,Sir Rodney's Scones,"10,00",30,"0,2",8,240
1997-08-22 00.00.00.000,Sirop d'érable,"28,50",20,"0,2","22,800001","456,00003"
1997-08-25 00.00.00.000,Rössle Sauerkraut,"45,60",15,"0,25","34,199997","512,99994"
1997-08-25 00.00.00.000,Chartreuse verte,"18,00",21,"0,25","13,5","283,5"
1997-08-25 00.00.00.000,Spegesild,"12,00",2,"0,25",9,18
1997-08-25 00.00.00.000,Carnarvon Tigers,"62,50",4,"0,1","56,25",225
1997-08-25 00.00.00.000,Ipoh Coffee,"46,00",20,0,46,920
1997-08-25 00.00.00.000,Spegesild,"12,00",21,"0,1","10,799999","226,79999"
1997-08-26 00.00.00.000,Carnarvon Tigers,"62,50",20,0,"62,5",1250
1997-08-26 00.00.00.000,Inlagd Sill,"19,00",15,0,19,285
1997-08-27 00.00.00.000,Chai,"18,00",15,"0,25","13,5","202,5"
1997-08-27 00.00.00.000,Ikura,"31,00",18,"0,25","23,25","418,5"
1997-08-27 00.00.00.000,Flotemysost,"21,50",30,"0,25","16,125","483,75"
1997-08-27 00.00.00.000,Original Frankfurter grüne Soße,"13,00",35,"0,25","9,75","341,25"
1997-08-27 00.00.00.000,Teatime Chocolate Biscuits,"9,20",30,0,"9,2",276
1997-08-27 00.00.00.000,Chartreuse verte,"18,00",20,0,18,360
1997-08-28 00.00.00.000,Gustaf's Knäckebröd,"21,00",15,0,21,315
1997-08-28 00.00.00.000,Guaraná Fantástica,"4,50",15,"0,15","3,825","57,375"
1997-08-28 00.00.00.000,Rössle Sauerkraut,"45,60",20,0,"45,6",912
1997-08-28 00.00.00.000,Mozzarella di Giovanni,"34,80",15,0,"34,8",522
1997-08-29 00.00.00.000,Nord-Ost Matjeshering,"25,89",30,0,"25,89","776,69995"
1997-08-29 00.00.00.000,Perth Pasties,"32,80",25,"0,05","31,159998","778,99994"
1997-08-29 00.00.00.000,Tourtière,"7,45",30,0,"7,45","223,5"
1997-09-01 00.00.00.000,Teatime Chocolate Biscuits,"9,20",12,"0,25","6,8999996","82,799995"
1997-09-01 00.00.00.000,Gustaf's Knäckebröd,"21,00",20,"0,25","15,75",315
1997-09-01 00.00.00.000,Nord-Ost Matjeshering,"25,89",2,"0,25","19,4175","38,835"
1997-09-01 00.00.00.000,Singaporean Hokkien Fried Mee,"14,00",20,0,14,280
1997-09-02 00.00.00.000,Pavlova,"17,45",30,"0,1","15,705","471,15"
1997-09-02 00.00.00.000,Camembert Pierrot,"34,00",20,"0,1","30,599998",612
1997-09-02 00.00.00.000,Chef Anton's Cajun Seasoning,"22,00",12,"0,1","19,8","237,59999"
1997-09-02 00.00.00.000,Chartreuse verte,"18,00",20,"0,1","16,199999","323,99997"
1997-09-02 00.00.00.000,Tourtière,"7,45",6,"0,1","6,7049994","40,229996"
1997-09-03 00.00.00.000,Jack's New England Clam Chowder,"9,65",20,"0,2","7,72","154,4"
1997-09-04 00.00.00.000,Tofu,"23,25",3,"0,1","20,925","62,774998"
1997-09-04 00.00.00.000,Gula Malacca,"19,45",28,"0,1","17,505001","490,14"
1997-09-04 00.00.00.000,Zaanse koeken,"9,50",6,"0,1","8,55","51,300003"
1997-09-04 00.00.00.000,Genen Shouyu,"15,50",50,0,"15,5",775
1997-09-04 00.00.00.000,Jack's New England Clam Chowder,"9,65",24,0,"9,65","231,59999"
1997-09-04 00.00.00.000,Spegesild,"12,00",45,0,12,540
1997-09-04 00.00.00.000,Zaanse koeken,"9,50",10,0,"9,5",95
1997-09-04 00.00.00.000,Gnocchi di nonna Alice,"38,00",45,0,38,1710
1997-09-04 00.00.00.000,Camembert Pierrot,"34,00",30,0,34,1020
1997-09-05 00.00.00.000,Sir Rodney's Scones,"10,00",60,0,10,600
1997-09-05 00.00.00.000,Boston Crab Meat,"18,40",70,"0,05","17,48","1223,6"
1997-09-05 00.00.00.000,Camembert Pierrot,"34,00",55,"0,05","32,3","1776,5"
1997-09-05 00.00.00.000,Original Frankfurter grüne Soße,"13,00",70,"0,05","12,349999","864,49994"
1997-09-05 00.00.00.000,Gorgonzola Telino,"12,50",20,"0,05","11,875","237,5"
1997-09-05 00.00.00.000,Boston Crab Meat,"18,40",24,"0,05","17,48","419,52"
1997-09-05 00.00.00.000,Outback Lager,"15,00",40,"0,05","14,25",570
1997-09-08 00.00.00.000,Sir Rodney's Marmalade,"81,00",21,0,81,1701
1997-09-09 00.00.00.000,Chartreuse verte,"18,00",3,"0,2","14,400001","43,2"
1997-09-09 00.00.00.000,Escargots de Bourgogne,"13,25",49,"0,2","10,6","519,4"
1997-09-09 00.00.00.000,Scottish Longbreads,"12,50",10,0,"12,5",125
1997-09-10 00.00.00.000,Boston Crab Meat,"18,40",30,"0,05","17,48","524,39996"
1997-09-10 00.00.00.000,Singaporean Hokkien Fried Mee,"14,00",30,"0,05","13,3",399
1997-09-10 00.00.00.000,Manjimup Dried Apples,"53,00",20,"0,05","50,35",1007
1997-09-10 00.00.00.000,Ikura,"31,00",24,"0,15","26,35","632,4"
1997-09-10 00.00.00.000,Gnocchi di nonna Alice,"38,00",12,"0,15","32,3","387,59998"
1997-09-10 00.00.00.000,Louisiana Fiery Hot Pepper Sauce,"21,05",15,"0,15","17,8925","268,3875"
1997-09-11 00.00.00.000,Manjimup Dried Apples,"53,00",20,0,53,1060
1997-09-11 00.00.00.000,Raclette Courdavault,"55,00",1,0,55,55
1997-09-11 00.00.00.000,Lakkalikööri,"18,00",10,0,18,180
1997-09-12 00.00.00.000,Thüringer Rostbratwurst,"123,79",36,0,"123,79","4456,44"
1997-09-12 00.00.00.000,Louisiana Fiery Hot Pepper Sauce,"21,05",10,0,"21,05","210,5"
1997-09-12 00.00.00.000,Gudbrandsdalsost,"36,00",45,"0,2","28,800001",1296
1997-09-12 00.00.00.000,Flotemysost,"21,50",14,"0,2","17,2","240,80002"
1997-09-15 00.00.00.000,Gorgonzola Telino,"12,50",8,"0,1","11,25",90
1997-09-15 00.00.00.000,Pâté chinois,"24,00",4,"0,1","21,599998","86,399994"
1997-09-15 00.00.00.000,Wimmers gute Semmelknödel,"33,25",15,"0,1","29,925","448,875"
1997-09-15 00.00.00.000,Inlagd Sill,"19,00",30,0,19,570
1997-09-16 00.00.00.000,Tunnbröd,"9,00",32,0,9,288
1997-09-16 00.00.00.000,Spegesild,"12,00",60,0,12,720
1997-09-16 00.00.00.000,Laughing Lumberjack Lager,"14,00",25,0,14,350
1997-09-16 00.00.00.000,Röd Kaviar,"15,00",50,0,15,750
1997-09-16 00.00.00.000,Rhönbräu Klosterbier,"7,75",25,0,"7,75","193,75"
1997-09-17 00.00.00.000,Pavlova,"17,45",10,0,"17,45","174,5"
1997-09-17 00.00.00.000,Tarte au sucre,"49,30",10,0,"49,3",493
1997-09-17 00.00.00.000,Louisiana Fiery Hot Pepper Sauce,"21,05",12,0,"21,05","252,59999"
1997-09-17 00.00.00.000,Côte de Blaye,"263,50",15,"0,1","237,15","3557,25"
1997-09-17 00.00.00.000,Flotemysost,"21,50",12,0,"21,5",258
1997-09-18 00.00.00.000,Pavlova,"17,45",3,0,"17,45","52,350002"
1997-09-18 00.00.00.000,Singaporean Hokkien Fried Mee,"14,00",6,0,14,84
1997-09-18 00.00.00.000,Ipoh Coffee,"46,00",6,0,46,276
1997-09-18 00.00.00.000,Tunnbröd,"9,00",5,0,9,45
1997-09-19 00.00.00.000,Tofu,"23,25",30,0,"23,25","697,5"
1997-09-19 00.00.00.000,Perth Pasties,"32,80",10,0,"32,8",328
1997-09-19 00.00.00.000,Escargots de Bourgogne,"13,25",30,0,"13,25","397,5"
1997-09-22 00.00.00.000,Ikura,"31,00",2,0,31,62
1997-09-22 00.00.00.000,Teatime Chocolate Biscuits,"9,20",7,0,"9,2","64,4"
1997-09-22 00.00.00.000,Gula Malacca,"19,45",21,0,"19,45","408,45"
1997-09-22 00.00.00.000,Gumbär Gummibärchen,"31,23",30,"0,15","26,5455","796,365"
1997-09-22 00.00.00.000,Geitost,"2,50",8,"0,15","2,125",17
1997-09-23 00.00.00.000,Queso Manchego La Pastora,"38,00",100,0,38,3800
1997-09-23 00.00.00.000,Geitost,"2,50",30,0,"2,5",75
1997-09-23 00.00.00.000,Jack's New England Clam Chowder,"9,65",120,0,"9,65",1158
1997-09-23 00.00.00.000,Tourtière,"7,45",30,0,"7,45","223,5"
1997-09-23 00.00.00.000,Raclette Courdavault,"55,00",12,0,55,660
1997-09-24 00.00.00.000,Pavlova,"17,45",50,"0,25","13,087501","654,375"
1997-09-24 00.00.00.000,Gorgonzola Telino,"12,50",20,"0,25","9,375","187,5"
1997-09-24 00.00.00.000,Singaporean Hokkien Fried Mee,"14,00",40,"0,25","10,5",420
1997-09-25 00.00.00.000,Teatime Chocolate Biscuits,"9,20",30,"0,1","8,28","248,4"
1997-09-25 00.00.00.000,Sir Rodney's Scones,"10,00",12,"0,1",9,108
1997-09-25 00.00.00.000,Wimmers gute Semmelknödel,"33,25",28,0,"33,25",931
1997-09-25 00.00.00.000,Geitost,"2,50",30,0,"2,5",75
1997-09-25 00.00.00.000,Louisiana Hot Spiced Okra,"17,00",4,0,17,68
1997-09-25 00.00.00.000,Rhönbräu Klosterbier,"7,75",30,0,"7,75","232,5"
1997-09-26 00.00.00.000,Filo Mix,"7,00",9,0,7,63
1997-09-26 00.00.00.000,Boston Crab Meat,"18,40",20,0,"18,4",368
1997-09-26 00.00.00.000,Zaanse koeken,"9,50",40,0,"9,5",380
1997-09-26 00.00.00.000,Camembert Pierrot,"34,00",30,0,34,1020
1997-09-29 00.00.00.000,Ikura,"31,00",20,0,31,620
1997-09-29 00.00.00.000,Jack's New England Clam Chowder,"9,65",4,0,"9,65","38,6"
1997-09-29 00.00.00.000,Zaanse koeken,"9,50",15,0,"9,5","142,5"
1997-09-30 00.00.00.000,Alice Mutton,"39,00",30,"0,2","31,2",936
1997-09-30 00.00.00.000,Gumbär Gummibärchen,"31,23",15,0,"31,23","468,44998"
1997-09-30 00.00.00.000,Mishi Kobe Niku,"97,00",50,"0,25","72,75","3637,5"
1997-09-30 00.00.00.000,Thüringer Rostbratwurst,"123,79",10,0,"123,79","1237,9"
1997-09-30 00.00.00.000,Inlagd Sill,"19,00",6,"0,25","14,25","85,5"
1997-10-01 00.00.00.000,Ikura,"31,00",18,"0,1","27,9","502,19998"
1997-10-01 00.00.00.000,Rössle Sauerkraut,"45,60",60,"0,1","41,039997","2462,4"
1997-10-01 00.00.00.000,Sasquatch Ale,"14,00",14,0,14,196
1997-10-01 00.00.00.000,Chai,"18,00",35,"0,25","13,5","472,5"
1997-10-02 00.00.00.000,Gnocchi di nonna Alice,"38,00",20,"0,25","28,5",570
1997-10-02 00.00.00.000,Original Frankfurter grüne Soße,"13,00",30,"0,25","9,75","292,5"
1997-10-03 00.00.00.000,Chai,"18,00",30,0,18,540
1997-10-03 00.00.00.000,Thüringer Rostbratwurst,"123,79",40,0,"123,79","4951,6"
1997-10-03 00.00.00.000,Ipoh Coffee,"46,00",40,0,46,1840
1997-10-03 00.00.00.000,Gula Malacca,"19,45",24,0,"19,45","466,80002"
1997-10-03 00.00.00.000,Tarte au sucre,"49,30",48,0,"49,3","2366,4"
1997-10-03 00.00.00.000,Vegie-spread,"43,90",20,0,"43,9",878
1997-10-06 00.00.00.000,Mishi Kobe Niku,"97,00",6,0,97,582
1997-10-06 00.00.00.000,Tourtière,"7,45",60,"0,15","6,3325","379,95"
1997-10-06 00.00.00.000,Gudbrandsdalsost,"36,00",30,"0,15","30,6",918
1997-10-06 00.00.00.000,Röd Kaviar,"15,00",15,"0,15","12,75","191,25"
1997-10-06 00.00.00.000,Uncle Bob's Organic Dried Pears,"30,00",90,0,30,2700
1997-10-06 00.00.00.000,Raclette Courdavault,"55,00",25,0,55,1375
1997-10-06 00.00.00.000,Outback Lager,"15,00",50,0,15,750
1997-10-07 00.00.00.000,Northwoods Cranberry Sauce,"40,00",10,0,40,400
1997-10-07 00.00.00.000,Queso Manchego La Pastora,"38,00",4,0,38,152
1997-10-07 00.00.00.000,Guaraná Fantástica,"4,50",20,0,"4,5",90
1997-10-08 00.00.00.000,Alice Mutton,"39,00",20,0,39,780
1997-10-08 00.00.00.000,Spegesild,"12,00",18,0,12,216
1997-10-08 00.00.00.000,Teatime Chocolate Biscuits,"9,20",7,"0,25","6,8999996","48,299995"
1997-10-08 00.00.00.000,Steeleye Stout,"18,00",9,"0,25","13,5","121,5"
1997-10-08 00.00.00.000,Escargots de Bourgogne,"13,25",30,"0,25","9,9375","298,125"
1997-10-08 00.00.00.000,Outback Lager,"15,00",30,"0,25","11,25","337,5"
1997-10-09 00.00.00.000,Queso Cabrales,"21,00",15,0,21,315
1997-10-09 00.00.00.000,Alice Mutton,"39,00",8,"0,05","37,05","296,4"
1997-10-09 00.00.00.000,Thüringer Rostbratwurst,"123,79",12,"0,05","117,6005","1411,206"
1997-10-09 00.00.00.000,Louisiana Fiery Hot Pepper Sauce,"21,05",65,"0,05","19,9975","1299,8375"
1997-10-09 00.00.00.000,Outback Lager,"15,00",8,"0,05","14,25",114
1997-10-09 00.00.00.000,Zaanse koeken,"9,50",12,0,"9,5",114
1997-10-10 00.00.00.000,Chai,"18,00",5,"0,2","14,400001",72
1997-10-10 00.00.00.000,Sasquatch Ale,"14,00",12,"0,2","11,2","134,4"
1997-10-10 00.00.00.000,Scottish Longbreads,"12,50",40,"0,2",10,400
1997-10-10 00.00.00.000,Flotemysost,"21,50",60,"0,2","17,2",1032
1997-10-13 00.00.00.000,Raclette Courdavault,"55,00",42,"0,15","46,75","1963,5"
1997-10-13 00.00.00.000,Flotemysost,"21,50",20,"0,15","18,275","365,5"
1997-10-13 00.00.00.000,Lakkalikööri,"18,00",35,"0,15","15,3","535,5"
1997-10-13 00.00.00.000,Aniseed Syrup,"10,00",6,0,10,60
1997-10-13 00.00.00.000,Lakkalikööri,"18,00",15,0,18,270
1997-10-14 00.00.00.000,Chang,"19,00",5,0,19,95
1997-10-14 00.00.00.000,Raclette Courdavault,"55,00",35,0,55,1925
1997-10-14 00.00.00.000,Röd Kaviar,"15,00",35,0,15,525
1997-10-14 00.00.00.000,Chef Anton's Cajun Seasoning,"22,00",6,0,22,132
1997-10-14 00.00.00.000,Guaraná Fantástica,"4,50",35,0,"4,5","157,5"
1997-10-14 00.00.00.000,Chocolade,"12,75",24,0,"12,75",306
1997-10-15 00.00.00.000,Gorgonzola Telino,"12,50",20,0,"12,5",250
1997-10-15 00.00.00.000,Mascarpone Fabioli,"32,00",4,0,32,128
1997-10-16 00.00.00.000,Pavlova,"17,45",20,0,"17,45",349
1997-10-16 00.00.00.000,Ipoh Coffee,"46,00",24,0,46,1104
1997-10-16 00.00.00.000,Raclette Courdavault,"55,00",8,0,55,440
1997-10-16 00.00.00.000,Pâté chinois,"24,00",21,0,24,504
1997-10-16 00.00.00.000,Ravioli Angelo,"19,50",40,0,"19,5",780
1997-10-16 00.00.00.000,Outback Lager,"15,00",28,"0,15","12,75",357
1997-10-17 00.00.00.000,Chef Anton's Gumbo Mix,"21,35",4,0,"21,35","85,4"
1997-10-17 00.00.00.000,Inlagd Sill,"19,00",5,0,19,95
1997-10-17 00.00.00.000,Northwoods Cranberry Sauce,"40,00",40,0,40,1600
1997-10-17 00.00.00.000,Manjimup Dried Apples,"53,00",28,0,53,1484
1997-10-17 00.00.00.000,Camembert Pierrot,"34,00",10,0,34,340
1997-10-20 00.00.00.000,Teatime Chocolate Biscuits,"9,20",5,0,"9,2",46
1997-10-20 00.00.00.000,Zaanse koeken,"9,50",5,0,"9,5","47,5"
1997-10-21 00.00.00.000,Teatime Chocolate Biscuits,"9,20",12,0,"9,2","110,399994"
1997-10-21 00.00.00.000,Jack's New England Clam Chowder,"9,65",42,0,"9,65","405,3"
1997-10-21 00.00.00.000,Perth Pasties,"32,80",120,0,"32,8",3936
1997-10-21 00.00.00.000,Perth Pasties,"32,80",3,"0,05","31,159998","93,479996"
1997-10-21 00.00.00.000,Gnocchi di nonna Alice,"38,00",30,0,38,1140
1997-10-22 00.00.00.000,Ikura,"31,00",18,0,31,558
1997-10-22 00.00.00.000,Gumbär Gummibärchen,"31,23",30,0,"31,23","936,89996"
1997-10-22 00.00.00.000,Rogede sild,"9,50",110,0,"9,5",1045
1997-10-22 00.00.00.000,Spegesild,"12,00",24,0,12,288
1997-10-22 00.00.00.000,Chang,"19,00",30,"0,25","14,25","427,5"
1997-10-22 00.00.00.000,Alice Mutton,"39,00",27,"0,25","29,25","789,75"
1997-10-22 00.00.00.000,Zaanse koeken,"9,50",50,"0,25","7,125","356,25"
1997-10-22 00.00.00.000,Gnocchi di nonna Alice,"38,00",18,"0,25","28,5",513
1997-10-22 00.00.00.000,Escargots de Bourgogne,"13,25",12,"0,25","9,9375","119,25"
1997-10-23 00.00.00.000,Ikura,"31,00",21,0,31,651
1997-10-23 00.00.00.000,Flotemysost,"21,50",30,0,"21,5",645
1997-10-24 00.00.00.000,Sir Rodney's Scones,"10,00",5,0,10,50
1997-10-24 00.00.00.000,Manjimup Dried Apples,"53,00",7,0,53,371
1997-10-24 00.00.00.000,Sirop d'érable,"28,50",10,0,"28,5",285
1997-10-24 00.00.00.000,Sir Rodney's Scones,"10,00",32,"0,05","9,5",304
1997-10-24 00.00.00.000,Tourtière,"7,45",15,0,"7,45","111,75"
1997-10-24 00.00.00.000,Gudbrandsdalsost,"36,00",25,"0,05","34,2",855
1997-10-27 00.00.00.000,Queso Manchego La Pastora,"38,00",36,0,38,1368
1997-10-27 00.00.00.000,Pavlova,"17,45",20,0,"17,45",349
1997-10-27 00.00.00.000,Inlagd Sill,"19,00",40,0,19,760
1997-10-27 00.00.00.000,Tarte au sucre,"49,30",20,0,"49,3",986
1997-10-27 00.00.00.000,Carnarvon Tigers,"62,50",12,"0,25","46,875","562,5"
1997-10-27 00.00.00.000,Nord-Ost Matjeshering,"25,89",3,"0,25","19,4175","58,2525"
1997-10-27 00.00.00.000,Tourtière,"7,45",40,"0,25","5,5874996","223,49998"
1997-10-28 00.00.00.000,Steeleye Stout,"18,00",21,0,18,378
1997-10-28 00.00.00.000,Flotemysost,"21,50",8,0,"21,5",172
1997-10-29 00.00.00.000,Gula Malacca,"19,45",50,"0,05","18,4775","923,87506"
1997-10-29 00.00.00.000,Chang,"19,00",3,0,19,57
1997-10-29 00.00.00.000,Gorgonzola Telino,"12,50",50,0,"12,5",625
1997-10-29 00.00.00.000,Scottish Longbreads,"12,50",45,0,"12,5","562,5"
1997-10-29 00.00.00.000,Rhönbräu Klosterbier,"7,75",42,0,"7,75","325,5"
1997-10-30 00.00.00.000,Gumbär Gummibärchen,"31,23",15,0,"31,23","468,44998"
1997-10-30 00.00.00.000,Ikura,"31,00",16,0,31,496
1997-10-30 00.00.00.000,Sirop d'érable,"28,50",5,0,"28,5","142,5"
1997-10-31 00.00.00.000,Jack's New England Clam Chowder,"9,65",12,0,"9,65","115,799995"
1997-10-31 00.00.00.000,Filo Mix,"7,00",4,0,7,28
1997-10-31 00.00.00.000,Pâté chinois,"24,00",6,0,24,144
1997-11-03 00.00.00.000,Chef Anton's Cajun Seasoning,"22,00",25,0,22,550
1997-11-03 00.00.00.000,Queso Cabrales,"21,00",5,0,21,105
1997-11-03 00.00.00.000,Alice Mutton,"39,00",20,"0,05","37,05",741
1997-11-03 00.00.00.000,Gnocchi di nonna Alice,"38,00",10,"0,05","36,1",361
1997-11-03 00.00.00.000,Raclette Courdavault,"55,00",10,"0,05","52,25","522,5"
1997-11-04 00.00.00.000,Nord-Ost Matjeshering,"25,89",15,0,"25,89","388,34998"
1997-11-04 00.00.00.000,Boston Crab Meat,"18,40",6,0,"18,4","110,399994"
1997-11-04 00.00.00.000,Pâté chinois,"24,00",12,0,24,288
1997-11-04 00.00.00.000,Camembert Pierrot,"34,00",15,0,34,510
1997-11-04 00.00.00.000,Chai,"18,00",50,0,18,900
1997-11-04 00.00.00.000,Sir Rodney's Scones,"10,00",30,0,10,300
1997-11-04 00.00.00.000,Valkoinen suklaa,"16,25",40,0,"16,25",650
1997-11-05 00.00.00.000,Pavlova,"17,45",15,"0,05","16,577501","248,66252"
1997-11-05 00.00.00.000,Gorgonzola Telino,"12,50",3,"0,05","11,875","35,625"
1997-11-05 00.00.00.000,Louisiana Fiery Hot Pepper Sauce,"21,05",10,"0,05","19,9975","199,97499"
1997-11-06 00.00.00.000,Sir Rodney's Scones,"10,00",40,"0,05","9,5",380
1997-11-06 00.00.00.000,Manjimup Dried Apples,"53,00",30,"0,05","50,35","1510,5"
1997-11-06 00.00.00.000,Lakkalikööri,"18,00",20,0,18,360
1997-11-07 00.00.00.000,Tofu,"23,25",16,0,"23,25",372
1997-11-07 00.00.00.000,Rössle Sauerkraut,"45,60",20,0,"45,6",912
1997-11-07 00.00.00.000,Filo Mix,"7,00",25,0,7,175
1997-11-07 00.00.00.000,Grandma's Boysenberry Spread,"25,00",30,0,25,750
1997-11-07 00.00.00.000,Nord-Ost Matjeshering,"25,89",15,0,"25,89","388,34998"
1997-11-07 00.00.00.000,Lakkalikööri,"18,00",20,0,18,360
1997-11-10 00.00.00.000,Sirop d'érable,"28,50",20,"0,1","25,65",513
1997-11-10 00.00.00.000,Original Frankfurter grüne Soße,"13,00",2,"0,1","11,7","23,4"
1997-11-11 00.00.00.000,Louisiana Fiery Hot Pepper Sauce,"21,05",40,0,"21,05",842
1997-11-11 00.00.00.000,Rhönbräu Klosterbier,"7,75",20,0,"7,75",155
1997-11-11 00.00.00.000,Konbu,"6,00",4,0,6,24
1997-11-11 00.00.00.000,Jack's New England Clam Chowder,"9,65",12,0,"9,65","115,799995"
1997-11-12 00.00.00.000,Pavlova,"17,45",3,0,"17,45","52,350002"
1997-11-12 00.00.00.000,Inlagd Sill,"19,00",6,0,19,114
1997-11-12 00.00.00.000,Filo Mix,"7,00",18,0,7,126
1997-11-13 00.00.00.000,Rössle Sauerkraut,"45,60",5,"0,2","36,48","182,4"
1997-11-13 00.00.00.000,Steeleye Stout,"18,00",35,"0,2","14,400001","504,00003"
1997-11-13 00.00.00.000,Rogede sild,"9,50",40,"0,2","7,6",304
1997-11-13 00.00.00.000,Gnocchi di nonna Alice,"38,00",14,"0,2","30,4","425,6"
1997-11-14 00.00.00.000,Chang,"19,00",15,"0,2","15,2",228
1997-11-14 00.00.00.000,Aniseed Syrup,"10,00",20,0,10,200
1997-11-14 00.00.00.000,Camembert Pierrot,"34,00",50,0,34,1700
1997-11-14 00.00.00.000,Mozzarella di Giovanni,"34,80",35,0,"34,8",1218
1997-11-17 00.00.00.000,Spegesild,"12,00",28,"0,05","11,4","319,19998"
1997-11-17 00.00.00.000,Boston Crab Meat,"18,40",50,"0,2","14,72",736
1997-11-18 00.00.00.000,Carnarvon Tigers,"62,50",24,0,"62,5",1500
1997-11-18 00.00.00.000,Gula Malacca,"19,45",16,0,"19,45","311,2"
1997-11-18 00.00.00.000,Raclette Courdavault,"55,00",45,0,55,2475
1997-11-18 00.00.00.000,Mozzarella di Giovanni,"34,80",7,0,"34,8","243,59999"
1997-11-19 00.00.00.000,Konbu,"6,00",6,0,6,36
1997-11-19 00.00.00.000,Singaporean Hokkien Fried Mee,"14,00",28,0,14,392
1997-11-19 00.00.00.000,Tarte au sucre,"49,30",9,0,"49,3","443,69998"
1997-11-19 00.00.00.000,Gudbrandsdalsost,"36,00",40,0,36,1440
1997-11-19 00.00.00.000,Gorgonzola Telino,"12,50",8,0,"12,5",100
1997-11-19 00.00.00.000,Jack's New England Clam Chowder,"9,65",35,0,"9,65","337,75"
1997-11-19 00.00.00.000,Vegie-spread,"43,90",9,0,"43,9","395,1"
1997-11-19 00.00.00.000,Gudbrandsdalsost,"36,00",30,0,36,1080
1997-11-20 00.00.00.000,Tunnbröd,"9,00",44,0,9,396
1997-11-20 00.00.00.000,Boston Crab Meat,"18,40",40,0,"18,4",736
1997-11-20 00.00.00.000,Gnocchi di nonna Alice,"38,00",28,0,38,1064
1997-11-20 00.00.00.000,Gnocchi di nonna Alice,"38,00",15,0,38,570
1997-11-20 00.00.00.000,Raclette Courdavault,"55,00",6,0,55,330
1997-11-20 00.00.00.000,Lakkalikööri,"18,00",10,0,18,180
1997-11-21 00.00.00.000,Tofu,"23,25",5,"0,15","19,7625","98,8125"
1997-11-21 00.00.00.000,Rogede sild,"9,50",40,"0,15","8,075",323
1997-11-21 00.00.00.000,Raclette Courdavault,"55,00",25,"0,15","46,75","1168,75"
1997-11-24 00.00.00.000,Gumbär Gummibärchen,"31,23",12,"0,1","28,106998","337,284"
1997-11-24 00.00.00.000,Nord-Ost Matjeshering,"25,89",30,0,"25,89","776,69995"
1997-11-24 00.00.00.000,Valkoinen suklaa,"16,25",20,"0,1","14,625","292,5"
1997-11-24 00.00.00.000,Röd Kaviar,"15,00",15,0,15,225
1997-11-24 00.00.00.000,Chai,"18,00",8,0,18,144
1997-11-24 00.00.00.000,Gudbrandsdalsost,"36,00",3,0,36,108
1997-11-25 00.00.00.000,Rogede sild,"9,50",4,0,"9,5",38
1997-11-25 00.00.00.000,Longlife Tofu,"10,00",5,0,10,50
1997-11-25 00.00.00.000,Boston Crab Meat,"18,40",3,0,"18,4","55,199997"
1997-11-26 00.00.00.000,Zaanse koeken,"9,50",30,"0,25","7,125","213,75"
1997-11-26 00.00.00.000,Gnocchi di nonna Alice,"38,00",30,"0,25","28,5",855
1997-11-26 00.00.00.000,Ravioli Angelo,"19,50",14,"0,25","14,625","204,75"
1997-11-26 00.00.00.000,Gudbrandsdalsost,"36,00",25,"0,25",27,675
1997-11-27 00.00.00.000,Carnarvon Tigers,"62,50",21,"0,2",50,1050
1997-11-27 00.00.00.000,Inlagd Sill,"19,00",20,"0,2","15,2",304
1997-11-27 00.00.00.000,Scottish Longbreads,"12,50",6,"0,2",10,60
1997-11-27 00.00.00.000,Gudbrandsdalsost,"36,00",20,"0,2","28,800001",576
1997-11-27 00.00.00.000,Sasquatch Ale,"14,00",30,0,14,420
1997-11-27 00.00.00.000,Raclette Courdavault,"55,00",7,0,55,385
1997-11-27 00.00.00.000,Tarte au sucre,"49,30",30,0,"49,3",1479
1997-11-27 00.00.00.000,Wimmers gute Semmelknödel,"33,25",24,0,"33,25",798
1997-11-28 00.00.00.000,Gumbär Gummibärchen,"31,23",20,0,"31,23","624,6"
1997-11-28 00.00.00.000,Filo Mix,"7,00",60,0,7,420
1997-11-28 00.00.00.000,Outback Lager,"15,00",40,0,15,600
1997-11-28 00.00.00.000,Mascarpone Fabioli,"32,00",10,0,32,320
1997-12-01 00.00.00.000,NuNuCa Nuß-Nougat-Creme,"14,00",12,"0,25","10,5",126
1997-12-01 00.00.00.000,Schoggi Schokolade,"43,90",40,0,"43,9",1756
1997-12-01 00.00.00.000,Ipoh Coffee,"46,00",30,"0,25","34,5",1035
1997-12-02 00.00.00.000,NuNuCa Nuß-Nougat-Creme,"14,00",35,"0,25","10,5","367,5"
1997-12-02 00.00.00.000,Rhönbräu Klosterbier,"7,75",18,0,"7,75","139,5"
1997-12-02 00.00.00.000,Chartreuse verte,"18,00",16,0,18,288
1997-12-02 00.00.00.000,Zaanse koeken,"9,50",30,0,"9,5",285
1997-12-02 00.00.00.000,Manjimup Dried Apples,"53,00",28,0,53,1484
1997-12-02 00.00.00.000,Gnocchi di nonna Alice,"38,00",60,0,38,2280
1997-12-03 00.00.00.000,Sir Rodney's Scones,"10,00",40,0,10,400
1997-12-03 00.00.00.000,Gustaf's Knäckebröd,"21,00",6,0,21,126
1997-12-03 00.00.00.000,Guaraná Fantástica,"4,50",20,0,"4,5",90
1997-12-03 00.00.00.000,Aniseed Syrup,"10,00",20,"0,1",9,180
1997-12-03 00.00.00.000,Chartreuse verte,"18,00",130,"0,1","16,199999","2105,9998"
1997-12-04 00.00.00.000,Louisiana Fiery Hot Pepper Sauce,"21,05",80,"0,1","18,945","1515,6"
1997-12-05 00.00.00.000,Chang,"19,00",40,0,19,760
1997-12-05 00.00.00.000,Uncle Bob's Organic Dried Pears,"30,00",35,0,30,1050
1997-12-05 00.00.00.000,Scottish Longbreads,"12,50",40,0,"12,5",500
1997-12-05 00.00.00.000,Singaporean Hokkien Fried Mee,"14,00",2,0,14,28
1997-12-08 00.00.00.000,Gustaf's Knäckebröd,"21,00",4,0,21,84
1997-12-08 00.00.00.000,Gorgonzola Telino,"12,50",50,0,"12,5",625
1997-12-08 00.00.00.000,Camembert Pierrot,"34,00",15,0,34,510
1997-12-08 00.00.00.000,Flotemysost,"21,50",12,0,"21,5",258
1997-12-08 00.00.00.000,Jack's New England Clam Chowder,"9,65",30,"0,05","9,1675","275,025"
1997-12-08 00.00.00.000,Filo Mix,"7,00",15,"0,05","6,65","99,75"
1997-12-08 00.00.00.000,Sirop d'érable,"28,50",20,0,"28,5",570
1997-12-08 00.00.00.000,Tarte au sucre,"49,30",15,0,"49,3","739,5"
1997-12-09 00.00.00.000,Queso Cabrales,"21,00",15,"0,25","15,75","236,25"
1997-12-10 00.00.00.000,Flotemysost,"21,50",16,0,"21,5",344
1997-12-10 00.00.00.000,Thüringer Rostbratwurst,"123,79",18,0,"123,79","2228,22"
1997-12-10 00.00.00.000,Raclette Courdavault,"55,00",25,0,55,1375
1997-12-11 00.00.00.000,Alice Mutton,"39,00",33,0,39,1287
1997-12-11 00.00.00.000,Gorgonzola Telino,"12,50",70,"0,2",10,700
1997-12-11 00.00.00.000,Rhönbräu Klosterbier,"7,75",7,"0,2","6,2000003","43,4"
1997-12-11 00.00.00.000,Gorgonzola Telino,"12,50",2,"0,25","9,375","18,75"
1997-12-11 00.00.00.000,Louisiana Hot Spiced Okra,"17,00",50,0,17,850
1997-12-12 00.00.00.000,Ikura,"31,00",6,0,31,186
1997-12-12 00.00.00.000,Laughing Lumberjack Lager,"14,00",3,0,14,42
1997-12-15 00.00.00.000,Gorgonzola Telino,"12,50",16,"0,05","11,875",190
1997-12-15 00.00.00.000,Singaporean Hokkien Fried Mee,"14,00",12,"0,05","13,3","159,6"
1997-12-15 00.00.00.000,Rogede sild,"9,50",27,"0,05","9,025","243,67499"
1997-12-15 00.00.00.000,Manjimup Dried Apples,"53,00",120,"0,05","50,35",6042
1997-12-15 00.00.00.000,Singaporean Hokkien Fried Mee,"14,00",20,"0,2","11,2",224
1997-12-16 00.00.00.000,Jack's New England Clam Chowder,"9,65",10,0,"9,65","96,5"
1997-12-16 00.00.00.000,Pavlova,"17,45",20,0,"17,45",349
1997-12-16 00.00.00.000,Tarte au sucre,"49,30",20,0,"49,3",986
1997-12-16 00.00.00.000,Outback Lager,"15,00",35,0,15,525
1997-12-16 00.00.00.000,Original Frankfurter grüne Soße,"13,00",15,0,13,195
1997-12-17 00.00.00.000,Tourtière,"7,45",3,"0,2","5,96","17,880001"
1997-12-17 00.00.00.000,Gnocchi di nonna Alice,"38,00",20,"0,2","30,4",608
1997-12-17 00.00.00.000,Longlife Tofu,"10,00",35,0,10,350
1997-12-17 00.00.00.000,Gorgonzola Telino,"12,50",1,0,"12,5","12,5"
1997-12-18 00.00.00.000,Gorgonzola Telino,"12,50",10,0,"12,5",125
1997-12-18 00.00.00.000,Côte de Blaye,"263,50",5,0,"263,5","1317,5"
1997-12-18 00.00.00.000,Inlagd Sill,"19,00",30,0,19,570
1997-12-18 00.00.00.000,Chartreuse verte,"18,00",2,"0,15","15,3","30,6"
1997-12-18 00.00.00.000,Mozzarella di Giovanni,"34,80",30,"0,15","29,58","887,4"
1997-12-18 00.00.00.000,Ikura,"31,00",10,0,31,310
1997-12-18 00.00.00.000,Rhönbräu Klosterbier,"7,75",10,0,"7,75","77,5"
1997-12-19 00.00.00.000,Northwoods Cranberry Sauce,"40,00",30,"0,2",32,960
1997-12-19 00.00.00.000,Nord-Ost Matjeshering,"25,89",15,"0,2","20,712","310,68"
1997-12-19 00.00.00.000,Rhönbräu Klosterbier,"7,75",42,"0,2","6,2000003","260,40002"
1997-12-19 00.00.00.000,Chang,"19,00",15,"0,05","18,05","270,75"
1997-12-19 00.00.00.000,Thüringer Rostbratwurst,"123,79",20,"0,05","117,6005","2352,01"
1997-12-22 00.00.00.000,Teatime Chocolate Biscuits,"9,20",50,"0,05","8,74",437
1997-12-22 00.00.00.000,Rhönbräu Klosterbier,"7,75",40,"0,05","7,3624997","294,5"
1997-12-22 00.00.00.000,Carnarvon Tigers,"62,50",30,0,"62,5",1875
1997-12-22 00.00.00.000,Steeleye Stout,"18,00",15,0,18,270
1997-12-22 00.00.00.000,Vegie-spread,"43,90",30,0,"43,9",1317
1997-12-22 00.00.00.000,Scottish Longbreads,"12,50",18,0,"12,5",225
1997-12-22 00.00.00.000,Uncle Bob's Organic Dried Pears,"30,00",3,"0,15","25,5","76,5"
1997-12-22 00.00.00.000,Gnocchi di nonna Alice,"38,00",20,"0,15","32,3",646
1997-12-23 00.00.00.000,Thüringer Rostbratwurst,"123,79",14,"0,05","117,6005","1646,407"
1997-12-23 00.00.00.000,Jack's New England Clam Chowder,"9,65",20,"0,05","9,1675","183,34999"
1997-12-23 00.00.00.000,Chang,"19,00",10,0,19,190
1997-12-23 00.00.00.000,Tourtière,"7,45",3,0,"7,45","22,349998"
1997-12-23 00.00.00.000,Scottish Longbreads,"12,50",15,0,"12,5","187,5"
1997-12-24 00.00.00.000,Jack's New England Clam Chowder,"9,65",14,0,"9,65","135,09999"
1997-12-24 00.00.00.000,Filo Mix,"7,00",8,0,7,56
1997-12-24 00.00.00.000,Tofu,"23,25",15,"0,2","18,6",279
1997-12-24 00.00.00.000,Tourtière,"7,45",6,"0,2","5,96","35,760002"
1997-12-24 00.00.00.000,Pavlova,"17,45",65,0,"17,45","1134,25"
1997-12-24 00.00.00.000,Alice Mutton,"39,00",35,"0,25","29,25","1023,75"
1997-12-25 00.00.00.000,Gumbär Gummibärchen,"31,23",21,"0,2","24,984","524,664"
1997-12-25 00.00.00.000,Gula Malacca,"19,45",10,0,"19,45","194,5"
1997-12-25 00.00.00.000,Wimmers gute Semmelknödel,"33,25",35,"0,2","26,6",931
1997-12-25 00.00.00.000,Gudbrandsdalsost,"36,00",24,"0,2","28,800001","691,2"
1997-12-25 00.00.00.000,Queso Cabrales,"21,00",20,0,21,420
1997-12-26 00.00.00.000,Tarte au sucre,"49,30",2,0,"49,3","98,6"
1997-12-26 00.00.00.000,Mozzarella di Giovanni,"34,80",10,0,"34,8",348
1997-12-26 00.00.00.000,Konbu,"6,00",20,"0,15","5,1000004","102,00001"
1997-12-26 00.00.00.000,Guaraná Fantástica,"4,50",20,"0,15","3,825","76,5"
1997-12-26 00.00.00.000,Raclette Courdavault,"55,00",25,0,55,1375
1997-12-26 00.00.00.000,Queso Cabrales,"21,00",50,"0,1","18,9",945
1997-12-26 00.00.00.000,Manjimup Dried Apples,"53,00",10,"0,1","47,699997","476,99997"
1997-12-26 00.00.00.000,Tourtière,"7,45",7,"0,1","6,7049994","46,934998"
1997-12-29 00.00.00.000,Alice Mutton,"39,00",40,"0,25","29,25",1170
1997-12-29 00.00.00.000,Thüringer Rostbratwurst,"123,79",20,"0,25","92,8425","1856,85"
1997-12-29 00.00.00.000,Nord-Ost Matjeshering,"25,89",25,"0,25","19,4175","485,4375"
1997-12-29 00.00.00.000,Manjimup Dried Apples,"53,00",30,"0,25","39,75","1192,5"
1997-12-29 00.00.00.000,Pâté chinois,"24,00",60,"0,25",18,1080
1997-12-29 00.00.00.000,Tarte au sucre,"49,30",5,"0,25","36,975","184,875"
1997-12-30 00.00.00.000,Teatime Chocolate Biscuits,"9,20",24,"0,05","8,74","209,76"
1997-12-30 00.00.00.000,NuNuCa Nuß-Nougat-Creme,"14,00",15,"0,05","13,3","199,5"
1997-12-30 00.00.00.000,Raclette Courdavault,"55,00",15,"0,05","52,25","783,75"
1997-12-30 00.00.00.000,Ikura,"31,00",36,0,31,1116
1997-12-30 00.00.00.000,Rössle Sauerkraut,"45,60",24,0,"45,6","1094,3999"
1997-12-30 00.00.00.000,Maxilaku,"20,00",4,"0,15",17,68
1997-12-30 00.00.00.000,Sasquatch Ale,"14,00",10,0,14,140
1997-12-30 00.00.00.000,Côte de Blaye,"263,50",10,0,"263,5",2635
1997-12-31 00.00.00.000,Chang,"19,00",20,"0,25","14,25",285
1997-12-31 00.00.00.000,Louisiana Fiery Hot Pepper Sauce,"21,05",2,0,"21,05","42,1"
1997-12-31 00.00.00.000,Longlife Tofu,"10,00",15,"0,25","7,5","112,5"
1997-12-31 00.00.00.000,Boston Crab Meat,"18,40",1,0,"18,4","18,4"
